CustomerId,ExternalId,Name,Email,Phone,LifecycleStage,CreatedAt,Owner,Segment,EngagementScore
CSTM1000,CRM-000000,Marcos Almeida,marcos.almeida@example.com,+55 11 94644-4269,Lead,2025-07-10,Team B,Mid-Market,33
CSTM1001,CRM-000001,Maria Ribeiro,maria.ribeiro@example.com,+55 11 98541-6728,Churn,2025-09-10,Team A,Enterprise,23
CSTM1002,CRM-000002,Rafael Gomes,rafael.gomes@example.com,+55 11 96000-4728,Customer,2025-06-10,Team A,Mid-Market,91
CSTM1003,CRM-000003,Luiza Almeida,luiza.almeida@example.com,+55 11 94652-1387,Opportunity,2025-09-13,Team A,Mid-Market,50
CSTM1004,CRM-000004,Nathalia Correia,nathalia.correia@example.com,+55 11 94164-7528,Lead,2025-05-08,Team C,SMB,12
CSTM1005,CRM-000005,Ana Melo,ana.melo@example.com,+55 11 96378-5564,Lead,2025-01-18,Team A,SMB,42
CSTM1006,CRM-000006,Fábio Silva,fábio.silva@example.com,+55 11 92137-5573,Lead,2025-10-08,Team B,Mid-Market,37
CSTM1007,CRM-000007,Maria Pereira,maria.pereira@example.com,+55 11 96753-9346,Customer,2025-08-11,Team A,SMB,79
CSTM1008,CRM-000008,Fernanda Gomes,fernanda.gomes@example.com,+55 11 97548-9785,Opportunity,2025-02-23,Team C,SMB,43
CSTM1009,CRM-000009,Isabela Cardoso,isabela.cardoso@example.com,+55 11 96425-1452,Customer,2025-02-27,Team A,SMB,69
CSTM1010,CRM-000010,Maria Correia,maria.correia@example.com,+55 11 92889-5279,Lead,2025-06-23,Team C,SMB,41
CSTM1011,CRM-000011,Fernanda Correia,fernanda.correia@example.com,+55 11 93925-5349,Churn,2025-10-07,Team C,SMB,18
CSTM1012,CRM-000012,Fábio Gomes,fábio.gomes@example.com,+55 11 91626-2776,Customer,2025-04-24,Team A,SMB,92
CSTM1013,CRM-000013,Gabriela Melo,gabriela.melo@example.com,+55 11 98119-6663,Lead,2025-10-15,Team B,SMB,41
CSTM1014,CRM-000014,Aline Souza,aline.souza@example.com,+55 11 96139-8149,Lead,2025-05-31,Team C,SMB,25
CSTM1015,CRM-000015,Rodrigo Oliveira,rodrigo.oliveira@example.com,+55 11 99379-2894,Lead,2025-05-07,Team A,Enterprise,13
CSTM1016,CRM-000016,Otávio Rocha,otávio.rocha@example.com,+55 11 97311-4114,Lead,2025-06-04,Team A,Mid-Market,46
CSTM1017,CRM-000017,Camila Ribeiro,camila.ribeiro@example.com,+55 11 95173-1727,Opportunity,2025-09-30,Team B,Mid-Market,44
CSTM1018,CRM-000018,Luiza Lima,luiza.lima@example.com,+55 11 98144-1027,Lead,2025-04-14,Team C,Mid-Market,23
CSTM1019,CRM-000019,Rodrigo Araujo,rodrigo.araujo@example.com,+55 11 99518-9821,Lead,2025-09-03,Team C,SMB,40
CSTM1020,CRM-000020,Pedro Pereira,pedro.pereira@example.com,+55 11 94228-6967,Opportunity,2025-06-25,Team A,SMB,48
CSTM1021,CRM-000021,Eduarda Almeida,eduarda.almeida@example.com,+55 11 98066-2146,Lead,2025-02-08,Team A,Mid-Market,16
CSTM1022,CRM-000022,Diego Fernandes,diego.fernandes@example.com,+55 11 96409-6143,Lead,2025-06-19,Team B,Mid-Market,19
CSTM1023,CRM-000023,Leandro Ribeiro,leandro.ribeiro@example.com,+55 11 93041-5920,Lead,2025-09-04,Team B,Mid-Market,16
CSTM1024,CRM-000024,Sabrina Silva,sabrina.silva@example.com,+55 11 99308-6067,Opportunity,2025-01-26,Team C,SMB,57
CSTM1025,CRM-000025,Paula Dias,paula.dias@example.com,+55 11 97691-6344,Customer,2025-01-13,Team C,SMB,98
CSTM1026,CRM-000026,Jorge Almeida,jorge.almeida@example.com,+55 11 97592-5844,Lead,2025-02-05,Team A,SMB,30
CSTM1027,CRM-000027,Yara Barbosa,yara.barbosa@example.com,+55 11 93085-4143,Opportunity,2025-06-22,Team C,SMB,42
CSTM1028,CRM-000028,Ana Correia,ana.correia@example.com,+55 11 97888-7211,Opportunity,2025-01-20,Team B,Mid-Market,71
CSTM1029,CRM-000029,Bruno Cardoso,bruno.cardoso@example.com,+55 11 93851-5930,Lead,2025-09-21,Team B,Mid-Market,45
CSTM1030,CRM-000030,Vitor Fernandes,vitor.fernandes@example.com,+55 11 97653-9977,Opportunity,2025-05-22,Team A,SMB,77
CSTM1031,CRM-000031,Karina Lima,karina.lima@example.com,+55 11 91006-5978,Lead,2025-05-23,Team B,Enterprise,27
CSTM1032,CRM-000032,Otávio Pereira,otávio.pereira@example.com,+55 11 95700-4443,Lead,2025-04-02,Team B,Mid-Market,11
CSTM1033,CRM-000033,João Gomes,joão.gomes@example.com,+55 11 98043-6279,Customer,2025-10-15,Team B,SMB,68
CSTM1034,CRM-000034,Rodrigo Carvalho,rodrigo.carvalho@example.com,+55 11 98618-8238,Churn,2025-08-03,Team B,SMB,25
CSTM1035,CRM-000035,Ana Gomes,ana.gomes@example.com,+55 11 98244-4501,Customer,2025-02-20,Team A,SMB,68
CSTM1036,CRM-000036,Úrsula Almeida,úrsula.almeida@example.com,+55 11 99375-8752,Lead,2025-06-02,Team A,SMB,20
CSTM1037,CRM-000037,Eduarda Ribeiro,eduarda.ribeiro@example.com,+55 11 93780-2389,Lead,2025-07-05,Team C,SMB,11
CSTM1038,CRM-000038,Gabriela Fernandes,gabriela.fernandes@example.com,+55 11 95649-9445,Opportunity,2025-03-04,Team B,SMB,50
CSTM1039,CRM-000039,Carlos Fernandes,carlos.fernandes@example.com,+55 11 96491-2530,Lead,2025-07-09,Team C,SMB,32
CSTM1040,CRM-000040,Diego Lima,diego.lima@example.com,+55 11 94848-6085,Lead,2025-05-05,Team A,SMB,21
CSTM1041,CRM-000041,Nathalia Ribeiro,nathalia.ribeiro@example.com,+55 11 94680-4262,Opportunity,2025-05-30,Team A,Enterprise,68
CSTM1042,CRM-000042,Otávio Pereira,otávio.pereira@example.com,+55 11 93414-1400,Lead,2025-02-27,Team A,SMB,14
CSTM1043,CRM-000043,Leandro Oliveira,leandro.oliveira@example.com,+55 11 91757-5011,Customer,2025-06-29,Team A,Mid-Market,79
CSTM1044,CRM-000044,Jorge Gomes,jorge.gomes@example.com,+55 11 98784-2193,Lead,2025-06-19,Team A,SMB,47
CSTM1045,CRM-000045,Carlos Dias,carlos.dias@example.com,+55 11 98461-7790,Opportunity,2025-09-28,Team A,Enterprise,73
CSTM1046,CRM-000046,Eduarda Ribeiro,eduarda.ribeiro@example.com,+55 11 94185-7291,Lead,2025-02-23,Team A,SMB,18
CSTM1047,CRM-000047,Yara Correia,yara.correia@example.com,+55 11 99099-7547,Opportunity,2025-04-11,Team B,SMB,48
CSTM1048,CRM-000048,Rafael Araujo,rafael.araujo@example.com,+55 11 94997-3417,Opportunity,2025-09-21,Team C,Enterprise,54
CSTM1049,CRM-000049,Thiago Silva,thiago.silva@example.com,+55 11 91090-2746,Lead,2025-02-22,Team A,Enterprise,31
CSTM1050,CRM-000050,Rafael Silva,rafael.silva@example.com,+55 11 97965-4585,Churn,2025-03-01,Team B,Mid-Market,35
CSTM1051,CRM-000051,Sabrina Araujo,sabrina.araujo@example.com,+55 11 93881-9486,Customer,2025-04-18,Team B,SMB,85
CSTM1052,CRM-000052,Eduarda Ribeiro,eduarda.ribeiro@example.com,+55 11 98611-1822,Customer,2025-01-05,Team C,SMB,62
CSTM1053,CRM-000053,Ana Lima,ana.lima@example.com,+55 11 95082-2988,Customer,2025-04-13,Team A,Mid-Market,73
CSTM1054,CRM-000054,Yara Melo,yara.melo@example.com,+55 11 98478-3184,Opportunity,2025-07-15,Team C,Enterprise,63
CSTM1055,CRM-000055,Vitor Araujo,vitor.araujo@example.com,+55 11 98612-9702,Customer,2025-09-19,Team A,Mid-Market,77
CSTM1056,CRM-000056,Fernanda Moreira,fernanda.moreira@example.com,+55 11 96198-8251,Lead,2025-02-16,Team B,Mid-Market,26
CSTM1057,CRM-000057,Eduarda Dias,eduarda.dias@example.com,+55 11 99270-7991,Lead,2025-05-24,Team B,SMB,26
CSTM1058,CRM-000058,Luiza Ribeiro,luiza.ribeiro@example.com,+55 11 99976-8305,Lead,2025-09-26,Team B,Mid-Market,23
CSTM1059,CRM-000059,Luiza Gomes,luiza.gomes@example.com,+55 11 93607-8777,Lead,2025-05-04,Team B,SMB,18
CSTM1060,CRM-000060,Paula Correia,paula.correia@example.com,+55 11 98373-5246,Lead,2025-04-16,Team C,SMB,49
CSTM1061,CRM-000061,Jorge Ribeiro,jorge.ribeiro@example.com,+55 11 95050-5543,Lead,2025-06-07,Team A,SMB,11
CSTM1062,CRM-000062,Paula Melo,paula.melo@example.com,+55 11 99540-8939,Customer,2025-05-27,Team A,Mid-Market,95
CSTM1063,CRM-000063,Fábio Melo,fábio.melo@example.com,+55 11 94919-5499,Lead,2025-05-25,Team C,SMB,48
CSTM1064,CRM-000064,Eduarda Fernandes,eduarda.fernandes@example.com,+55 11 98206-2269,Lead,2025-04-30,Team A,SMB,18
CSTM1065,CRM-000065,Rafael Costa,rafael.costa@example.com,+55 11 95681-4841,Opportunity,2025-10-02,Team B,Mid-Market,44
CSTM1066,CRM-000066,Isabela Moreira,isabela.moreira@example.com,+55 11 95451-6502,Lead,2025-04-02,Team A,SMB,13
CSTM1067,CRM-000067,Ana Silva,ana.silva@example.com,+55 11 96238-9849,Customer,2025-02-27,Team B,Mid-Market,65
CSTM1068,CRM-000068,Úrsula Almeida,úrsula.almeida@example.com,+55 11 92320-3267,Lead,2025-08-17,Team C,SMB,38
CSTM1069,CRM-000069,Luiza Oliveira,luiza.oliveira@example.com,+55 11 93471-4788,Churn,2025-04-27,Team A,SMB,17
CSTM1070,CRM-000070,Sabrina Rocha,sabrina.rocha@example.com,+55 11 97275-3503,Customer,2025-10-06,Team C,Mid-Market,81
CSTM1071,CRM-000071,Leandro Pereira,leandro.pereira@example.com,+55 11 94505-2052,Lead,2025-05-07,Team A,SMB,46
CSTM1072,CRM-000072,Eduarda Barbosa,eduarda.barbosa@example.com,+55 11 97797-7678,Lead,2025-05-09,Team B,SMB,20
CSTM1073,CRM-000073,Leandro Dias,leandro.dias@example.com,+55 11 96421-9890,Customer,2025-02-27,Team C,SMB,62
CSTM1074,CRM-000074,Isabela Ribeiro,isabela.ribeiro@example.com,+55 11 98633-7812,Customer,2025-05-02,Team A,SMB,87
CSTM1075,CRM-000075,Jorge Souza,jorge.souza@example.com,+55 11 92020-4388,Customer,2025-01-01,Team B,Enterprise,69
CSTM1076,CRM-000076,Nathalia Almeida,nathalia.almeida@example.com,+55 11 97883-7381,Customer,2025-08-27,Team C,SMB,94
CSTM1077,CRM-000077,Nathalia Correia,nathalia.correia@example.com,+55 11 91320-7232,Lead,2025-04-06,Team C,Mid-Market,47
CSTM1078,CRM-000078,Rodrigo Ribeiro,rodrigo.ribeiro@example.com,+55 11 98814-1096,Lead,2025-05-06,Team A,SMB,43
CSTM1079,CRM-000079,Rodrigo Araujo,rodrigo.araujo@example.com,+55 11 96763-5892,Lead,2025-04-28,Team A,Mid-Market,26
CSTM1080,CRM-000080,Pedro Carvalho,pedro.carvalho@example.com,+55 11 97389-7865,Customer,2025-02-17,Team A,Mid-Market,66
CSTM1081,CRM-000081,Fábio Oliveira,fábio.oliveira@example.com,+55 11 99818-9947,Opportunity,2025-03-30,Team B,Mid-Market,55
CSTM1082,CRM-000082,Gabriela Souza,gabriela.souza@example.com,+55 11 94613-8999,Lead,2025-08-25,Team A,SMB,47
CSTM1083,CRM-000083,Paula Ribeiro,paula.ribeiro@example.com,+55 11 94595-5471,Lead,2025-09-29,Team C,SMB,21
CSTM1084,CRM-000084,Isabela Oliveira,isabela.oliveira@example.com,+55 11 98140-8956,Lead,2025-07-08,Team C,SMB,32
CSTM1085,CRM-000085,Isabela Almeida,isabela.almeida@example.com,+55 11 91475-7371,Lead,2025-07-11,Team A,Enterprise,31
CSTM1086,CRM-000086,Úrsula Carvalho,úrsula.carvalho@example.com,+55 11 96507-7624,Customer,2025-03-10,Team A,Mid-Market,79
CSTM1087,CRM-000087,Thiago Teixeira,thiago.teixeira@example.com,+55 11 93704-8657,Opportunity,2025-10-05,Team C,Enterprise,75
CSTM1088,CRM-000088,Leandro Lima,leandro.lima@example.com,+55 11 93091-9751,Customer,2025-09-04,Team B,SMB,63
CSTM1089,CRM-000089,Luiza Fernandes,luiza.fernandes@example.com,+55 11 91441-7455,Opportunity,2025-03-17,Team A,Mid-Market,77
CSTM1090,CRM-000090,Rodrigo Oliveira,rodrigo.oliveira@example.com,+55 11 91444-2375,Lead,2025-06-03,Team A,Enterprise,36
CSTM1091,CRM-000091,Jorge Teixeira,jorge.teixeira@example.com,+55 11 98022-3223,Customer,2025-05-24,Team C,SMB,83
CSTM1092,CRM-000092,Yara Souza,yara.souza@example.com,+55 11 98564-3977,Customer,2025-03-27,Team A,SMB,91
CSTM1093,CRM-000093,Leandro Araujo,leandro.araujo@example.com,+55 11 91823-5262,Opportunity,2025-07-04,Team B,Mid-Market,62
CSTM1094,CRM-000094,Heitor Souza,heitor.souza@example.com,+55 11 97211-6363,Customer,2025-10-12,Team C,Mid-Market,93
CSTM1095,CRM-000095,Pedro Fernandes,pedro.fernandes@example.com,+55 11 94467-8449,Opportunity,2025-08-08,Team A,Mid-Market,71
CSTM1096,CRM-000096,Vitor Carvalho,vitor.carvalho@example.com,+55 11 96355-6529,Opportunity,2025-03-10,Team C,SMB,69
CSTM1097,CRM-000097,Rafael Silva,rafael.silva@example.com,+55 11 97211-5558,Lead,2025-02-16,Team A,Mid-Market,35
CSTM1098,CRM-000098,Rafael Melo,rafael.melo@example.com,+55 11 97906-5133,Lead,2025-04-04,Team A,SMB,30
CSTM1099,CRM-000099,Ana Pereira,ana.pereira@example.com,+55 11 92341-8705,Lead,2025-08-26,Team A,SMB,37
CSTM1100,CRM-000100,Paula Moreira,paula.moreira@example.com,+55 11 91317-9837,Lead,2025-07-23,Team B,SMB,11
CSTM1101,CRM-000101,Thiago Pereira,thiago.pereira@example.com,+55 11 91853-6733,Opportunity,2025-08-06,Team B,Mid-Market,41
CSTM1102,CRM-000102,Rodrigo Correia,rodrigo.correia@example.com,+55 11 94673-2124,Lead,2025-02-08,Team C,Mid-Market,45
CSTM1103,CRM-000103,Rodrigo Costa,rodrigo.costa@example.com,+55 11 91659-1508,Opportunity,2025-04-10,Team A,Mid-Market,52
CSTM1104,CRM-000104,Luiza Moreira,luiza.moreira@example.com,+55 11 95051-4266,Customer,2025-09-11,Team A,SMB,77
CSTM1105,CRM-000105,Jorge Oliveira,jorge.oliveira@example.com,+55 11 91333-3496,Lead,2025-08-10,Team B,Enterprise,30
CSTM1106,CRM-000106,Aline Teixeira,aline.teixeira@example.com,+55 11 94908-3068,Lead,2025-01-23,Team A,SMB,20
CSTM1107,CRM-000107,Úrsula Cardoso,úrsula.cardoso@example.com,+55 11 98758-2874,Customer,2025-09-07,Team B,Mid-Market,74
CSTM1108,CRM-000108,Fábio Lima,fábio.lima@example.com,+55 11 94571-8619,Lead,2025-01-10,Team A,SMB,20
CSTM1109,CRM-000109,Yara Correia,yara.correia@example.com,+55 11 95198-7043,Lead,2025-09-03,Team C,SMB,45
CSTM1110,CRM-000110,Rodrigo Lima,rodrigo.lima@example.com,+55 11 93749-2876,Lead,2025-04-10,Team A,SMB,48
CSTM1111,CRM-000111,Otávio Carvalho,otávio.carvalho@example.com,+55 11 93683-6096,Lead,2025-06-29,Team A,SMB,49
CSTM1112,CRM-000112,Eduarda Fernandes,eduarda.fernandes@example.com,+55 11 92771-1420,Customer,2025-08-11,Team B,Mid-Market,95
CSTM1113,CRM-000113,Gabriela Teixeira,gabriela.teixeira@example.com,+55 11 96111-7149,Customer,2025-09-07,Team A,Mid-Market,89
CSTM1114,CRM-000114,Gabriela Almeida,gabriela.almeida@example.com,+55 11 97498-4249,Opportunity,2025-05-27,Team A,SMB,73
CSTM1115,CRM-000115,Rafael Gomes,rafael.gomes@example.com,+55 11 92245-4978,Customer,2025-04-06,Team B,Enterprise,73
CSTM1116,CRM-000116,Ana Araujo,ana.araujo@example.com,+55 11 92669-5941,Customer,2025-09-14,Team C,SMB,73
CSTM1117,CRM-000117,Maria Melo,maria.melo@example.com,+55 11 92983-1672,Lead,2025-01-04,Team C,Mid-Market,42
CSTM1118,CRM-000118,Jorge Gomes,jorge.gomes@example.com,+55 11 96688-9728,Customer,2025-01-16,Team B,Enterprise,96
CSTM1119,CRM-000119,Karina Gomes,karina.gomes@example.com,+55 11 98018-7071,Opportunity,2025-10-07,Team B,Mid-Market,69
CSTM1120,CRM-000120,Maria Pereira,maria.pereira@example.com,+55 11 92129-9289,Customer,2025-09-04,Team B,SMB,97
CSTM1121,CRM-000121,Otávio Silva,otávio.silva@example.com,+55 11 96590-1207,Customer,2025-09-15,Team B,Enterprise,73
CSTM1122,CRM-000122,Rafael Pereira,rafael.pereira@example.com,+55 11 97882-9031,Lead,2025-06-09,Team B,Mid-Market,26
CSTM1123,CRM-000123,Vitor Silva,vitor.silva@example.com,+55 11 92729-8102,Lead,2025-06-01,Team C,SMB,43
CSTM1124,CRM-000124,Úrsula Araujo,úrsula.araujo@example.com,+55 11 96934-8532,Lead,2025-06-27,Team C,SMB,18
CSTM1125,CRM-000125,Ana Teixeira,ana.teixeira@example.com,+55 11 93506-8135,Lead,2025-06-12,Team B,Mid-Market,35
CSTM1126,CRM-000126,Rafael Ribeiro,rafael.ribeiro@example.com,+55 11 93885-9548,Customer,2025-02-02,Team A,Mid-Market,98
CSTM1127,CRM-000127,Nathalia Moreira,nathalia.moreira@example.com,+55 11 95425-9817,Customer,2025-06-28,Team B,Mid-Market,65
CSTM1128,CRM-000128,Fernanda Correia,fernanda.correia@example.com,+55 11 98921-8616,Lead,2025-04-11,Team A,Enterprise,18
CSTM1129,CRM-000129,Luiza Melo,luiza.melo@example.com,+55 11 98136-5397,Opportunity,2025-09-25,Team B,Mid-Market,61
CSTM1130,CRM-000130,Karina Moreira,karina.moreira@example.com,+55 11 96280-5022,Lead,2025-03-06,Team B,SMB,26
CSTM1131,CRM-000131,Rafael Moreira,rafael.moreira@example.com,+55 11 92419-5569,Lead,2025-06-17,Team C,SMB,10
CSTM1132,CRM-000132,Sabrina Rocha,sabrina.rocha@example.com,+55 11 98385-4995,Lead,2025-02-12,Team A,SMB,34
CSTM1133,CRM-000133,Fernanda Almeida,fernanda.almeida@example.com,+55 11 98613-7209,Lead,2025-02-13,Team A,Mid-Market,49
CSTM1134,CRM-000134,Pedro Rocha,pedro.rocha@example.com,+55 11 96511-1470,Customer,2025-10-12,Team C,SMB,64
CSTM1135,CRM-000135,Diego Rocha,diego.rocha@example.com,+55 11 99098-6325,Lead,2025-01-12,Team C,Mid-Market,48
CSTM1136,CRM-000136,Fábio Dias,fábio.dias@example.com,+55 11 93979-8988,Opportunity,2025-04-05,Team C,Mid-Market,56
CSTM1137,CRM-000137,Úrsula Silva,úrsula.silva@example.com,+55 11 94475-6813,Customer,2025-09-10,Team C,Enterprise,71
CSTM1138,CRM-000138,Nathalia Almeida,nathalia.almeida@example.com,+55 11 95232-6576,Lead,2025-08-30,Team A,SMB,46
CSTM1139,CRM-000139,João Barbosa,joão.barbosa@example.com,+55 11 95581-5526,Churn,2025-02-04,Team A,Mid-Market,6
CSTM1140,CRM-000140,Paula Araujo,paula.araujo@example.com,+55 11 91166-9464,Churn,2025-08-03,Team B,SMB,20
CSTM1141,CRM-000141,Sabrina Almeida,sabrina.almeida@example.com,+55 11 94130-2402,Lead,2025-03-31,Team B,Mid-Market,43
CSTM1142,CRM-000142,Rafael Lima,rafael.lima@example.com,+55 11 94954-7658,Opportunity,2025-09-21,Team C,SMB,61
CSTM1143,CRM-000143,Fernanda Correia,fernanda.correia@example.com,+55 11 99004-4937,Lead,2025-04-03,Team C,SMB,28
CSTM1144,CRM-000144,Gabriela Costa,gabriela.costa@example.com,+55 11 98800-9041,Lead,2025-03-31,Team C,Mid-Market,46
CSTM1145,CRM-000145,Fábio Oliveira,fábio.oliveira@example.com,+55 11 98342-1282,Lead,2025-04-25,Team B,SMB,26
CSTM1146,CRM-000146,Aline Dias,aline.dias@example.com,+55 11 92524-5820,Opportunity,2025-04-15,Team B,SMB,68
CSTM1147,CRM-000147,Rafael Pereira,rafael.pereira@example.com,+55 11 94630-7625,Opportunity,2025-07-15,Team B,Mid-Market,51
CSTM1148,CRM-000148,Gabriela Correia,gabriela.correia@example.com,+55 11 94986-6016,Lead,2025-04-24,Team B,Mid-Market,25
CSTM1149,CRM-000149,Pedro Silva,pedro.silva@example.com,+55 11 97046-8753,Lead,2025-03-16,Team B,Mid-Market,33
CSTM1150,CRM-000150,Marcos Correia,marcos.correia@example.com,+55 11 99698-6632,Customer,2025-08-05,Team B,Mid-Market,89
CSTM1151,CRM-000151,Thiago Souza,thiago.souza@example.com,+55 11 97971-6419,Lead,2025-10-04,Team B,Mid-Market,17
CSTM1152,CRM-000152,Ana Gomes,ana.gomes@example.com,+55 11 96764-8434,Lead,2025-09-06,Team C,SMB,40
CSTM1153,CRM-000153,Carlos Rocha,carlos.rocha@example.com,+55 11 95438-6023,Opportunity,2025-06-13,Team C,SMB,50
CSTM1154,CRM-000154,Heitor Moreira,heitor.moreira@example.com,+55 11 95118-4777,Churn,2025-07-11,Team C,SMB,39
CSTM1155,CRM-000155,Fernanda Barbosa,fernanda.barbosa@example.com,+55 11 92976-4155,Lead,2025-08-15,Team C,Enterprise,32
CSTM1156,CRM-000156,Vitor Silva,vitor.silva@example.com,+55 11 96169-2958,Opportunity,2025-06-26,Team B,Mid-Market,54
CSTM1157,CRM-000157,Carlos Barbosa,carlos.barbosa@example.com,+55 11 99779-4033,Customer,2025-04-09,Team A,SMB,79
CSTM1158,CRM-000158,Maria Barbosa,maria.barbosa@example.com,+55 11 94138-4545,Lead,2025-02-05,Team B,SMB,15
CSTM1159,CRM-000159,Aline Dias,aline.dias@example.com,+55 11 98933-5530,Customer,2025-04-06,Team A,Enterprise,96
CSTM1160,CRM-000160,Bruno Rocha,bruno.rocha@example.com,+55 11 99595-5636,Lead,2025-06-01,Team C,SMB,34
CSTM1161,CRM-000161,Otávio Correia,otávio.correia@example.com,+55 11 92647-4180,Opportunity,2025-05-31,Team B,Mid-Market,73
CSTM1162,CRM-000162,Nathalia Moreira,nathalia.moreira@example.com,+55 11 95853-4727,Opportunity,2025-07-09,Team C,Mid-Market,73
CSTM1163,CRM-000163,Luiza Lima,luiza.lima@example.com,+55 11 96912-3939,Opportunity,2025-08-12,Team B,Mid-Market,68
CSTM1164,CRM-000164,Bruno Lima,bruno.lima@example.com,+55 11 95952-1231,Lead,2025-02-06,Team C,SMB,24
CSTM1165,CRM-000165,João Melo,joão.melo@example.com,+55 11 99751-3073,Customer,2025-09-25,Team A,Enterprise,65
CSTM1166,CRM-000166,Paula Correia,paula.correia@example.com,+55 11 95494-1745,Lead,2025-07-02,Team A,Enterprise,35
CSTM1167,CRM-000167,João Araujo,joão.araujo@example.com,+55 11 91893-5786,Lead,2025-01-13,Team A,Mid-Market,41
CSTM1168,CRM-000168,João Silva,joão.silva@example.com,+55 11 93068-9042,Lead,2025-10-06,Team B,Mid-Market,19
CSTM1169,CRM-000169,Karina Moreira,karina.moreira@example.com,+55 11 92680-1200,Opportunity,2025-08-05,Team A,Enterprise,54
CSTM1170,CRM-000170,Isabela Teixeira,isabela.teixeira@example.com,+55 11 95658-8690,Opportunity,2025-10-13,Team B,Mid-Market,68
CSTM1171,CRM-000171,Carlos Silva,carlos.silva@example.com,+55 11 98843-8216,Lead,2025-09-30,Team A,SMB,26
CSTM1172,CRM-000172,Isabela Pereira,isabela.pereira@example.com,+55 11 96582-4020,Opportunity,2025-03-03,Team A,Mid-Market,50
CSTM1173,CRM-000173,Úrsula Oliveira,úrsula.oliveira@example.com,+55 11 91841-5136,Lead,2025-03-25,Team B,Mid-Market,35
CSTM1174,CRM-000174,Ana Cardoso,ana.cardoso@example.com,+55 11 98827-2869,Opportunity,2025-08-05,Team B,SMB,41
CSTM1175,CRM-000175,Ana Gomes,ana.gomes@example.com,+55 11 92070-7565,Lead,2025-07-06,Team A,Mid-Market,31
CSTM1176,CRM-000176,Eduarda Almeida,eduarda.almeida@example.com,+55 11 99056-2213,Opportunity,2025-01-19,Team B,Enterprise,59
CSTM1177,CRM-000177,Vitor Melo,vitor.melo@example.com,+55 11 91878-3485,Lead,2025-06-26,Team A,Enterprise,23
CSTM1178,CRM-000178,Rafael Melo,rafael.melo@example.com,+55 11 93444-5978,Customer,2025-04-10,Team B,SMB,64
CSTM1179,CRM-000179,Leandro Silva,leandro.silva@example.com,+55 11 92395-5066,Lead,2025-08-21,Team C,SMB,16
CSTM1180,CRM-000180,Leandro Pereira,leandro.pereira@example.com,+55 11 92940-7818,Lead,2025-03-17,Team C,Enterprise,18
CSTM1181,CRM-000181,Fábio Melo,fábio.melo@example.com,+55 11 94697-9561,Lead,2025-09-22,Team C,Mid-Market,17
CSTM1182,CRM-000182,Karina Teixeira,karina.teixeira@example.com,+55 11 97232-8381,Customer,2025-10-11,Team C,SMB,79
CSTM1183,CRM-000183,Camila Ribeiro,camila.ribeiro@example.com,+55 11 98253-5871,Customer,2025-07-25,Team C,Enterprise,83
CSTM1184,CRM-000184,Fernanda Araujo,fernanda.araujo@example.com,+55 11 98025-6003,Lead,2025-08-11,Team A,Enterprise,27
CSTM1185,CRM-000185,Rafael Ribeiro,rafael.ribeiro@example.com,+55 11 91986-2625,Opportunity,2025-02-21,Team C,Mid-Market,55
CSTM1186,CRM-000186,Eduarda Costa,eduarda.costa@example.com,+55 11 94404-4457,Customer,2025-05-24,Team C,Mid-Market,88
CSTM1187,CRM-000187,Nathalia Carvalho,nathalia.carvalho@example.com,+55 11 95335-2330,Opportunity,2025-03-10,Team C,SMB,59
CSTM1188,CRM-000188,Gabriela Araujo,gabriela.araujo@example.com,+55 11 93573-4929,Opportunity,2025-04-09,Team C,SMB,45
CSTM1189,CRM-000189,Yara Pereira,yara.pereira@example.com,+55 11 93847-2229,Lead,2025-01-25,Team B,SMB,27
CSTM1190,CRM-000190,Maria Dias,maria.dias@example.com,+55 11 93564-1043,Lead,2025-02-22,Team A,Mid-Market,48
CSTM1191,CRM-000191,Leandro Melo,leandro.melo@example.com,+55 11 97693-8381,Customer,2025-05-31,Team C,SMB,79
CSTM1192,CRM-000192,Pedro Pereira,pedro.pereira@example.com,+55 11 98699-5771,Customer,2025-05-24,Team C,SMB,82
CSTM1193,CRM-000193,Jorge Lima,jorge.lima@example.com,+55 11 91534-4792,Opportunity,2025-02-26,Team C,SMB,77
CSTM1194,CRM-000194,Isabela Ribeiro,isabela.ribeiro@example.com,+55 11 95720-5632,Lead,2025-02-08,Team A,Mid-Market,33
CSTM1195,CRM-000195,Luiza Fernandes,luiza.fernandes@example.com,+55 11 98438-2166,Lead,2025-04-19,Team B,Enterprise,44
CSTM1196,CRM-000196,Vitor Pereira,vitor.pereira@example.com,+55 11 94824-5334,Customer,2025-06-30,Team A,SMB,60
CSTM1197,CRM-000197,Vitor Gomes,vitor.gomes@example.com,+55 11 94241-7965,Customer,2025-02-11,Team B,SMB,67
CSTM1198,CRM-000198,Diego Carvalho,diego.carvalho@example.com,+55 11 92880-9922,Customer,2025-07-05,Team C,Mid-Market,88
CSTM1199,CRM-000199,Carlos Dias,carlos.dias@example.com,+55 11 94683-3441,Customer,2025-08-11,Team C,SMB,91
CSTM1200,CRM-000200,Thiago Correia,thiago.correia@example.com,+55 11 95352-3330,Opportunity,2025-05-02,Team A,SMB,57
CSTM1201,CRM-000201,Otávio Carvalho,otávio.carvalho@example.com,+55 11 92169-1977,Lead,2025-05-13,Team A,SMB,32
CSTM1202,CRM-000202,Leandro Teixeira,leandro.teixeira@example.com,+55 11 93718-6039,Lead,2025-06-12,Team B,SMB,48
CSTM1203,CRM-000203,Maria Correia,maria.correia@example.com,+55 11 95728-8195,Customer,2025-08-03,Team B,SMB,93
CSTM1204,CRM-000204,Bruno Almeida,bruno.almeida@example.com,+55 11 93037-8679,Opportunity,2025-08-09,Team A,SMB,47
CSTM1205,CRM-000205,Vitor Costa,vitor.costa@example.com,+55 11 95982-7594,Lead,2025-08-23,Team B,SMB,38
CSTM1206,CRM-000206,Aline Almeida,aline.almeida@example.com,+55 11 95460-9199,Lead,2025-05-26,Team A,Enterprise,31
CSTM1207,CRM-000207,Vitor Almeida,vitor.almeida@example.com,+55 11 99847-9090,Opportunity,2025-08-27,Team B,SMB,68
CSTM1208,CRM-000208,Paula Correia,paula.correia@example.com,+55 11 98172-2317,Lead,2025-03-17,Team A,Mid-Market,22
CSTM1209,CRM-000209,Luiza Ribeiro,luiza.ribeiro@example.com,+55 11 91653-8078,Lead,2025-01-09,Team A,Mid-Market,27
CSTM1210,CRM-000210,Bruno Cardoso,bruno.cardoso@example.com,+55 11 96280-5102,Opportunity,2025-03-15,Team A,SMB,66
CSTM1211,CRM-000211,Fernanda Araujo,fernanda.araujo@example.com,+55 11 91423-2496,Opportunity,2025-09-10,Team B,Mid-Market,46
CSTM1212,CRM-000212,Fernanda Ribeiro,fernanda.ribeiro@example.com,+55 11 94750-1339,Opportunity,2025-08-18,Team B,SMB,42
CSTM1213,CRM-000213,Isabela Moreira,isabela.moreira@example.com,+55 11 95415-1659,Lead,2025-01-07,Team B,Enterprise,44
CSTM1214,CRM-000214,Aline Silva,aline.silva@example.com,+55 11 93870-8708,Customer,2025-06-23,Team A,SMB,86
CSTM1215,CRM-000215,Ana Rocha,ana.rocha@example.com,+55 11 99502-8245,Lead,2025-05-21,Team B,SMB,39
CSTM1216,CRM-000216,Thiago Ribeiro,thiago.ribeiro@example.com,+55 11 95557-3973,Lead,2025-06-17,Team B,SMB,22
CSTM1217,CRM-000217,João Souza,joão.souza@example.com,+55 11 98141-9056,Customer,2025-06-19,Team A,Enterprise,63
CSTM1218,CRM-000218,Camila Costa,camila.costa@example.com,+55 11 92494-8700,Opportunity,2025-10-10,Team C,Mid-Market,64
CSTM1219,CRM-000219,Marcos Ribeiro,marcos.ribeiro@example.com,+55 11 96700-7690,Customer,2025-05-02,Team A,Mid-Market,60
CSTM1220,CRM-000220,Carlos Dias,carlos.dias@example.com,+55 11 96460-6260,Opportunity,2025-07-13,Team B,SMB,53
CSTM1221,CRM-000221,Jorge Rocha,jorge.rocha@example.com,+55 11 92713-3634,Opportunity,2025-01-05,Team A,Mid-Market,46
CSTM1222,CRM-000222,Jorge Souza,jorge.souza@example.com,+55 11 96403-7744,Lead,2025-01-29,Team C,SMB,48
CSTM1223,CRM-000223,Pedro Pereira,pedro.pereira@example.com,+55 11 99117-5722,Lead,2025-06-14,Team A,Enterprise,38
CSTM1224,CRM-000224,Vitor Costa,vitor.costa@example.com,+55 11 97561-1601,Lead,2025-05-16,Team B,SMB,38
CSTM1225,CRM-000225,Jorge Silva,jorge.silva@example.com,+55 11 98451-2442,Lead,2025-05-25,Team C,SMB,25
CSTM1226,CRM-000226,Thiago Fernandes,thiago.fernandes@example.com,+55 11 96153-5135,Churn,2025-08-05,Team B,SMB,33
CSTM1227,CRM-000227,Karina Correia,karina.correia@example.com,+55 11 96296-2899,Lead,2025-05-12,Team C,SMB,39
CSTM1228,CRM-000228,Luiza Rocha,luiza.rocha@example.com,+55 11 97622-9431,Customer,2025-03-11,Team C,Mid-Market,65
CSTM1229,CRM-000229,Luiza Silva,luiza.silva@example.com,+55 11 91018-9889,Opportunity,2025-09-09,Team A,SMB,63
CSTM1230,CRM-000230,Bruno Fernandes,bruno.fernandes@example.com,+55 11 98569-7770,Customer,2025-10-02,Team A,Mid-Market,92
CSTM1231,CRM-000231,Vitor Silva,vitor.silva@example.com,+55 11 91888-4073,Opportunity,2025-07-01,Team B,SMB,50
CSTM1232,CRM-000232,Vitor Fernandes,vitor.fernandes@example.com,+55 11 99494-6927,Opportunity,2025-06-16,Team A,Mid-Market,52
CSTM1233,CRM-000233,Fernanda Gomes,fernanda.gomes@example.com,+55 11 99167-8242,Opportunity,2025-04-01,Team A,SMB,56
CSTM1234,CRM-000234,Nathalia Almeida,nathalia.almeida@example.com,+55 11 91845-4335,Lead,2025-07-21,Team C,SMB,12
CSTM1235,CRM-000235,Diego Correia,diego.correia@example.com,+55 11 95375-9998,Customer,2025-01-19,Team A,Mid-Market,90
CSTM1236,CRM-000236,Vitor Rocha,vitor.rocha@example.com,+55 11 93146-5719,Lead,2025-02-08,Team C,SMB,39
CSTM1237,CRM-000237,Leandro Costa,leandro.costa@example.com,+55 11 98178-8941,Lead,2025-05-06,Team C,SMB,13
CSTM1238,CRM-000238,Yara Gomes,yara.gomes@example.com,+55 11 92989-1472,Opportunity,2025-06-22,Team C,Enterprise,57
CSTM1239,CRM-000239,Úrsula Oliveira,úrsula.oliveira@example.com,+55 11 94920-3594,Lead,2025-05-21,Team B,Enterprise,46
CSTM1240,CRM-000240,Sabrina Oliveira,sabrina.oliveira@example.com,+55 11 96091-1224,Customer,2025-08-30,Team B,SMB,63
CSTM1241,CRM-000241,Vitor Rocha,vitor.rocha@example.com,+55 11 97684-2527,Churn,2025-08-08,Team B,SMB,3
CSTM1242,CRM-000242,Maria Oliveira,maria.oliveira@example.com,+55 11 94681-2858,Customer,2025-05-06,Team C,Mid-Market,78
CSTM1243,CRM-000243,Paula Araujo,paula.araujo@example.com,+55 11 98560-2924,Lead,2025-02-27,Team B,SMB,18
CSTM1244,CRM-000244,Sabrina Rocha,sabrina.rocha@example.com,+55 11 93522-9165,Lead,2025-05-28,Team B,SMB,24
CSTM1245,CRM-000245,Sabrina Gomes,sabrina.gomes@example.com,+55 11 95781-9337,Customer,2025-01-01,Team A,SMB,77
CSTM1246,CRM-000246,Aline Oliveira,aline.oliveira@example.com,+55 11 95479-7807,Lead,2025-07-09,Team B,Mid-Market,13
CSTM1247,CRM-000247,Sabrina Almeida,sabrina.almeida@example.com,+55 11 98905-8736,Churn,2025-07-10,Team B,Mid-Market,21
CSTM1248,CRM-000248,Eduarda Silva,eduarda.silva@example.com,+55 11 94993-8483,Churn,2025-04-27,Team C,SMB,36
CSTM1249,CRM-000249,Úrsula Moreira,úrsula.moreira@example.com,+55 11 93369-7284,Customer,2025-05-14,Team C,SMB,70
