{
  "name": "Customer360 Theme",
  "dataColors": [
    "#2563EB",
    "#10B981",
    "#F59E0B",
    "#EF4444",
    "#8B5CF6",
    "#14B8A6",
    "#F97316"
  ],
  "background": "#ffffff",
  "foreground": "#111827",
  "tableAccent": "#2563EB",
  "visualStyles": {
    "*": {
      "*": {
        "title": [
          {
            "fontSize": 12,
            "fontFamily": "Segoe UI Semibold",
            "color": {
              "solid": {
                "color": "#111827"
              }
            }
          }
        ],
        "labels": [
          {
            "color": {
              "solid": {
                "color": "#374151"
              }
            }
          }
        ]
      }
    }
  }
}