EventId,CustomerId,EventType,EventDate,Channel,Value
EVT199003,CSTM1000,SiteVisit,2025-04-19,Phone,8
EVT161844,CSTM1000,Meeting,2025-05-13,Phone,4
EVT487699,CSTM1000,EmailClick,2025-08-30,Email,3
EVT313606,CSTM1000,EmailOpen,2025-04-22,Email,4
EVT538242,CSTM1001,SiteVisit,2025-09-28,Web,8
EVT669383,CSTM1001,EmailOpen,2025-10-10,InPerson,2
EVT372919,CSTM1001,Call,2025-01-24,Web,2
EVT107415,CSTM1001,EmailClick,2025-06-30,App,5
EVT399188,CSTM1001,Meeting,2025-09-11,Email,9
EVT311509,CSTM1001,SiteVisit,2025-07-07,Email,8
EVT447220,CSTM1001,EmailClick,2025-04-13,Web,3
EVT251538,CSTM1001,Call,2025-02-07,Email,5
EVT528733,CSTM1001,SupportTicket,2025-01-30,Web,3
EVT582488,CSTM1001,SiteVisit,2025-07-25,Web,6
EVT226479,CSTM1001,Meeting,2025-08-16,App,6
EVT419759,CSTM1002,EmailOpen,2025-08-29,Phone,2
EVT178077,CSTM1002,Call,2025-09-12,Web,6
EVT843859,CSTM1002,Call,2025-09-30,Web,5
EVT884192,CSTM1002,Meeting,2025-04-12,Web,4
EVT372872,CSTM1002,SiteVisit,2025-03-22,Phone,8
EVT488518,CSTM1002,SiteVisit,2025-09-28,Email,7
EVT657564,CSTM1003,SupportTicket,2025-06-16,Email,2
EVT690504,CSTM1003,EmailOpen,2025-09-08,App,6
EVT560115,CSTM1003,Purchase,2025-09-19,Web,1
EVT403664,CSTM1003,Meeting,2025-03-04,App,7
EVT808672,CSTM1003,EmailClick,2025-07-11,Phone,4
EVT229887,CSTM1003,Meeting,2025-02-01,Phone,1
EVT658963,CSTM1003,EmailOpen,2025-02-12,Phone,1
EVT170305,CSTM1003,SiteVisit,2025-09-27,InPerson,8
EVT765938,CSTM1003,SiteVisit,2025-06-17,App,6
EVT476047,CSTM1003,SupportTicket,2025-01-13,Web,3
EVT808175,CSTM1003,EmailOpen,2025-07-23,Phone,9
EVT225355,CSTM1004,EmailClick,2025-04-05,Web,9
EVT611181,CSTM1004,Call,2025-01-07,Web,2
EVT448754,CSTM1004,Call,2025-09-29,InPerson,8
EVT730752,CSTM1004,SiteVisit,2025-05-04,App,5
EVT247595,CSTM1004,Call,2025-10-10,Email,5
EVT363031,CSTM1005,Meeting,2025-03-10,Phone,9
EVT317813,CSTM1005,EmailClick,2025-01-19,Phone,7
EVT932595,CSTM1005,Call,2025-05-21,Web,6
EVT647219,CSTM1005,EmailClick,2025-09-05,Phone,9
EVT125991,CSTM1005,EmailOpen,2025-02-26,App,1
EVT861401,CSTM1005,EmailOpen,2025-01-06,Email,5
EVT996473,CSTM1005,Call,2025-03-23,Email,1
EVT390374,CSTM1005,EmailClick,2025-07-23,Phone,2
EVT466081,CSTM1005,EmailClick,2025-07-27,Phone,6
EVT714553,CSTM1005,Call,2025-01-22,Web,6
EVT211541,CSTM1006,Call,2025-02-10,Web,4
EVT789870,CSTM1006,Call,2025-05-14,Email,1
EVT361445,CSTM1006,EmailClick,2025-02-17,InPerson,2
EVT626930,CSTM1006,EmailOpen,2025-03-06,Phone,5
EVT934874,CSTM1006,Meeting,2025-03-20,App,8
EVT184381,CSTM1007,Call,2025-04-08,InPerson,1
EVT838096,CSTM1007,SiteVisit,2025-03-09,Web,1
EVT570435,CSTM1007,Meeting,2025-05-18,Phone,6
EVT957253,CSTM1007,EmailOpen,2025-06-25,Phone,6
EVT513090,CSTM1007,SupportTicket,2025-06-27,App,9
EVT588067,CSTM1007,SiteVisit,2025-09-28,Email,3
EVT821755,CSTM1007,Call,2025-09-05,Email,9
EVT818316,CSTM1008,EmailOpen,2025-07-31,Email,5
EVT949375,CSTM1008,Purchase,2025-05-31,Email,9
EVT105039,CSTM1008,Purchase,2025-03-10,Web,2
EVT186346,CSTM1008,Call,2025-06-10,Phone,2
EVT498499,CSTM1008,Purchase,2025-02-07,App,8
EVT462441,CSTM1008,SiteVisit,2025-06-23,Web,8
EVT182409,CSTM1008,SiteVisit,2025-06-28,App,6
EVT108024,CSTM1008,EmailClick,2025-04-17,InPerson,1
EVT979140,CSTM1008,Call,2025-07-01,Web,5
EVT616540,CSTM1008,SupportTicket,2025-09-15,Web,6
EVT798787,CSTM1008,SiteVisit,2025-06-17,Web,5
EVT255489,CSTM1009,SiteVisit,2025-01-18,Web,9
EVT188835,CSTM1009,Call,2025-07-24,App,6
EVT566755,CSTM1009,EmailClick,2025-03-29,Email,7
EVT113261,CSTM1009,EmailOpen,2025-01-03,Email,1
EVT393925,CSTM1009,EmailOpen,2025-04-12,App,5
EVT737787,CSTM1009,Call,2025-07-21,Web,4
EVT444866,CSTM1009,SupportTicket,2025-03-24,Email,4
EVT963675,CSTM1009,SiteVisit,2025-05-20,Phone,7
EVT944052,CSTM1009,Meeting,2025-06-02,Phone,4
EVT867286,CSTM1009,EmailClick,2025-06-02,App,4
EVT859785,CSTM1009,SiteVisit,2025-04-20,Phone,7
EVT123408,CSTM1009,EmailOpen,2025-04-07,Email,6
EVT970946,CSTM1009,EmailClick,2025-04-19,Email,6
EVT176240,CSTM1010,EmailClick,2025-03-28,Web,9
EVT290920,CSTM1010,EmailOpen,2025-08-02,App,7
EVT123199,CSTM1010,Call,2025-05-21,App,1
EVT267527,CSTM1010,SupportTicket,2025-09-04,App,6
EVT275121,CSTM1010,EmailClick,2025-04-18,Email,1
EVT403602,CSTM1010,EmailClick,2025-05-06,Phone,3
EVT879976,CSTM1011,EmailClick,2025-06-11,Web,7
EVT431310,CSTM1011,SiteVisit,2025-09-04,Web,6
EVT484583,CSTM1011,Purchase,2025-06-01,Email,1
EVT200546,CSTM1011,Call,2025-01-19,Phone,1
EVT811413,CSTM1011,Call,2025-05-21,App,1
EVT869305,CSTM1012,SiteVisit,2025-05-08,App,5
EVT817104,CSTM1012,Call,2025-10-09,Phone,1
EVT453076,CSTM1012,Meeting,2025-04-13,Email,9
EVT675228,CSTM1012,SiteVisit,2025-09-08,App,5
EVT523291,CSTM1012,SupportTicket,2025-10-09,InPerson,9
EVT945623,CSTM1012,SupportTicket,2025-04-30,Email,6
EVT333192,CSTM1013,SiteVisit,2025-04-28,App,3
EVT218696,CSTM1013,SupportTicket,2025-05-27,Web,5
EVT397016,CSTM1013,SupportTicket,2025-01-30,Web,2
EVT757941,CSTM1013,SiteVisit,2025-08-12,Email,8
EVT851731,CSTM1013,Call,2025-08-08,App,2
EVT976533,CSTM1013,SiteVisit,2025-02-14,App,3
EVT867669,CSTM1013,Meeting,2025-01-03,Web,7
EVT646298,CSTM1013,SiteVisit,2025-03-03,Web,2
EVT273311,CSTM1013,SiteVisit,2025-03-03,InPerson,2
EVT416463,CSTM1013,EmailOpen,2025-07-26,Email,5
EVT163972,CSTM1014,EmailClick,2025-07-28,InPerson,7
EVT748456,CSTM1014,EmailClick,2025-04-02,App,1
EVT903806,CSTM1014,Call,2025-08-03,Phone,4
EVT388213,CSTM1014,Meeting,2025-09-02,InPerson,6
EVT554151,CSTM1014,Call,2025-01-16,Email,8
EVT395866,CSTM1014,SupportTicket,2025-08-25,InPerson,1
EVT577697,CSTM1014,EmailOpen,2025-08-06,Web,7
EVT107485,CSTM1014,Meeting,2025-05-26,Email,3
EVT898658,CSTM1014,Call,2025-06-15,Email,5
EVT821818,CSTM1014,Call,2025-04-20,Phone,7
EVT929827,CSTM1014,SiteVisit,2025-07-26,InPerson,5
EVT915495,CSTM1014,EmailOpen,2025-07-23,App,5
EVT564462,CSTM1014,Call,2025-04-06,Phone,6
EVT690189,CSTM1014,SupportTicket,2025-08-05,App,7
EVT482865,CSTM1015,SupportTicket,2025-03-18,Web,1
EVT317980,CSTM1015,EmailOpen,2025-07-01,Web,4
EVT688574,CSTM1015,SupportTicket,2025-05-20,App,3
EVT604158,CSTM1015,EmailOpen,2025-06-12,App,1
EVT348724,CSTM1015,Meeting,2025-07-06,Web,5
EVT357438,CSTM1015,Meeting,2025-03-27,Phone,1
EVT982894,CSTM1015,SiteVisit,2025-07-02,Phone,3
EVT539503,CSTM1015,SiteVisit,2025-01-03,App,3
EVT961756,CSTM1015,Call,2025-01-25,Web,2
EVT401994,CSTM1016,Call,2025-03-02,Web,7
EVT892173,CSTM1016,SiteVisit,2025-05-19,InPerson,5
EVT301604,CSTM1016,Purchase,2025-07-10,InPerson,2
EVT152691,CSTM1016,Purchase,2025-09-03,Web,2
EVT277718,CSTM1016,SupportTicket,2025-06-04,Web,5
EVT922614,CSTM1016,Call,2025-05-13,Email,9
EVT708713,CSTM1016,Call,2025-07-01,Email,7
EVT139104,CSTM1016,EmailOpen,2025-09-17,InPerson,6
EVT685457,CSTM1016,Call,2025-08-02,App,2
EVT374336,CSTM1016,Call,2025-04-22,Web,8
EVT759987,CSTM1016,Purchase,2025-04-28,Web,8
EVT202412,CSTM1017,EmailOpen,2025-04-04,App,1
EVT808387,CSTM1017,EmailOpen,2025-08-18,Web,8
EVT114995,CSTM1017,EmailOpen,2025-05-30,Phone,1
EVT544755,CSTM1017,SupportTicket,2025-05-08,Web,7
EVT584282,CSTM1017,SupportTicket,2025-02-14,Web,5
EVT712439,CSTM1017,SupportTicket,2025-08-03,Email,3
EVT798148,CSTM1017,SupportTicket,2025-06-28,Email,8
EVT240148,CSTM1017,EmailOpen,2025-07-26,InPerson,7
EVT440912,CSTM1017,Call,2025-04-29,Phone,3
EVT541441,CSTM1017,EmailOpen,2025-01-11,InPerson,2
EVT585651,CSTM1017,EmailOpen,2025-09-08,Phone,4
EVT857634,CSTM1018,Purchase,2025-03-25,Email,8
EVT285639,CSTM1018,EmailOpen,2025-03-13,Web,8
EVT461309,CSTM1018,EmailOpen,2025-04-03,Phone,7
EVT508624,CSTM1018,SiteVisit,2025-01-28,App,4
EVT931257,CSTM1018,SupportTicket,2025-04-11,Phone,6
EVT800033,CSTM1018,SupportTicket,2025-10-05,Web,5
EVT691271,CSTM1019,EmailClick,2025-09-23,Web,7
EVT512736,CSTM1019,SiteVisit,2025-05-25,Phone,9
EVT876372,CSTM1019,SiteVisit,2025-04-16,Email,6
EVT395599,CSTM1019,SiteVisit,2025-03-30,InPerson,8
EVT764846,CSTM1019,EmailOpen,2025-04-16,App,1
EVT593960,CSTM1019,Purchase,2025-02-01,Phone,5
EVT805356,CSTM1019,Meeting,2025-03-23,InPerson,6
EVT853890,CSTM1020,Meeting,2025-09-06,InPerson,9
EVT209373,CSTM1020,Purchase,2025-08-12,App,1
EVT695333,CSTM1020,Call,2025-08-17,Email,6
EVT188059,CSTM1020,Call,2025-05-12,Email,6
EVT181972,CSTM1021,EmailClick,2025-04-30,InPerson,3
EVT369045,CSTM1021,SupportTicket,2025-08-25,App,6
EVT839574,CSTM1021,Call,2025-07-19,Email,6
EVT584895,CSTM1021,Meeting,2025-07-25,Web,1
EVT220062,CSTM1021,EmailClick,2025-10-14,InPerson,9
EVT294472,CSTM1021,EmailClick,2025-05-07,App,4
EVT902348,CSTM1021,SupportTicket,2025-01-13,Phone,1
EVT624624,CSTM1022,EmailOpen,2025-07-24,Email,1
EVT116279,CSTM1022,SiteVisit,2025-09-30,Phone,7
EVT436199,CSTM1022,EmailClick,2025-06-23,Phone,7
EVT337723,CSTM1022,Meeting,2025-08-17,Phone,6
EVT297478,CSTM1022,Purchase,2025-07-29,Phone,2
EVT917108,CSTM1023,Meeting,2025-06-20,Email,8
EVT575278,CSTM1023,Purchase,2025-04-26,Phone,5
EVT746045,CSTM1023,Call,2025-06-29,InPerson,9
EVT359438,CSTM1023,EmailOpen,2025-07-01,Web,2
EVT846760,CSTM1023,EmailClick,2025-07-27,InPerson,1
EVT189037,CSTM1023,Purchase,2025-08-25,Web,1
EVT856967,CSTM1023,EmailOpen,2025-04-17,Web,7
EVT737790,CSTM1023,Meeting,2025-06-20,Phone,5
EVT596005,CSTM1023,SiteVisit,2025-02-25,App,3
EVT519048,CSTM1023,EmailClick,2025-07-19,Web,8
EVT385810,CSTM1023,EmailClick,2025-05-29,Web,7
EVT634522,CSTM1023,Call,2025-06-05,Web,8
EVT996961,CSTM1023,Call,2025-01-28,App,3
EVT328931,CSTM1023,SiteVisit,2025-09-01,Email,4
EVT231379,CSTM1024,Call,2025-09-26,Email,9
EVT662422,CSTM1024,SiteVisit,2025-08-16,Web,3
EVT452103,CSTM1024,EmailClick,2025-08-26,InPerson,1
EVT525767,CSTM1024,SiteVisit,2025-07-29,InPerson,8
EVT860177,CSTM1024,Purchase,2025-07-27,InPerson,9
EVT103358,CSTM1024,EmailOpen,2025-07-03,App,9
EVT428953,CSTM1024,EmailOpen,2025-03-08,Phone,9
EVT338483,CSTM1024,Meeting,2025-10-09,Phone,3
EVT207524,CSTM1024,EmailOpen,2025-06-01,Web,1
EVT292971,CSTM1024,SupportTicket,2025-09-28,InPerson,2
EVT746275,CSTM1024,EmailClick,2025-05-20,Email,6
EVT366909,CSTM1025,Purchase,2025-03-07,App,9
EVT177525,CSTM1025,EmailOpen,2025-04-26,App,1
EVT717614,CSTM1025,Purchase,2025-09-10,InPerson,9
EVT567927,CSTM1025,EmailOpen,2025-10-04,App,6
EVT457226,CSTM1025,EmailClick,2025-04-23,InPerson,2
EVT874107,CSTM1025,SupportTicket,2025-05-29,Web,8
EVT241449,CSTM1025,EmailClick,2025-08-30,Email,8
EVT956636,CSTM1025,Meeting,2025-07-22,Phone,5
EVT343767,CSTM1025,EmailOpen,2025-02-06,App,5
EVT916698,CSTM1025,Call,2025-03-14,Email,8
EVT892330,CSTM1026,SiteVisit,2025-01-30,InPerson,7
EVT897388,CSTM1026,Call,2025-03-31,App,6
EVT824857,CSTM1026,Meeting,2025-08-08,Phone,5
EVT558222,CSTM1026,EmailOpen,2025-07-03,InPerson,9
EVT739872,CSTM1026,SiteVisit,2025-03-17,App,1
EVT279689,CSTM1026,SiteVisit,2025-09-06,App,1
EVT338245,CSTM1026,SupportTicket,2025-01-22,Email,1
EVT228652,CSTM1026,EmailOpen,2025-03-31,Email,6
EVT303117,CSTM1026,EmailOpen,2025-06-12,App,6
EVT149420,CSTM1026,SiteVisit,2025-10-10,App,8
EVT764635,CSTM1026,EmailOpen,2025-06-12,Phone,1
EVT613953,CSTM1026,EmailOpen,2025-08-05,App,4
EVT561370,CSTM1026,Call,2025-07-17,Phone,4
EVT759981,CSTM1027,SupportTicket,2025-09-06,InPerson,7
EVT678110,CSTM1027,Purchase,2025-01-19,InPerson,3
EVT961858,CSTM1028,SiteVisit,2025-04-10,InPerson,8
EVT488422,CSTM1028,EmailClick,2025-05-25,Email,3
EVT816741,CSTM1029,Call,2025-05-21,App,4
EVT540015,CSTM1029,SupportTicket,2025-07-06,InPerson,2
EVT211362,CSTM1029,EmailClick,2025-10-14,Web,9
EVT412257,CSTM1029,SupportTicket,2025-02-14,InPerson,3
EVT789129,CSTM1029,EmailClick,2025-04-13,Web,6
EVT968212,CSTM1030,SiteVisit,2025-07-16,InPerson,2
EVT271389,CSTM1030,EmailOpen,2025-06-20,App,6
EVT460444,CSTM1030,SiteVisit,2025-05-02,InPerson,7
EVT859401,CSTM1031,SupportTicket,2025-10-15,Phone,9
EVT289651,CSTM1031,EmailClick,2025-08-17,Web,3
EVT234794,CSTM1031,Meeting,2025-04-16,InPerson,4
EVT590999,CSTM1031,SupportTicket,2025-08-02,Email,4
EVT507407,CSTM1031,Call,2025-05-30,App,3
EVT452854,CSTM1031,SiteVisit,2025-03-17,Phone,1
EVT328584,CSTM1031,EmailOpen,2025-09-08,Phone,3
EVT834276,CSTM1032,EmailClick,2025-06-24,Email,2
EVT856079,CSTM1032,SiteVisit,2025-08-25,Phone,9
EVT735254,CSTM1032,SupportTicket,2025-04-04,Email,3
EVT847567,CSTM1032,EmailOpen,2025-04-26,Web,5
EVT448844,CSTM1032,EmailClick,2025-08-02,Email,2
EVT932297,CSTM1032,Purchase,2025-05-01,Web,1
EVT412849,CSTM1032,SupportTicket,2025-08-31,Web,6
EVT987081,CSTM1032,Call,2025-08-27,App,4
EVT139553,CSTM1032,EmailOpen,2025-09-03,Web,8
EVT655710,CSTM1032,SiteVisit,2025-09-20,InPerson,1
EVT948124,CSTM1032,EmailClick,2025-03-04,InPerson,5
EVT411385,CSTM1032,EmailOpen,2025-01-08,InPerson,6
EVT456427,CSTM1032,EmailClick,2025-06-24,Phone,7
EVT545563,CSTM1032,Meeting,2025-06-29,App,3
EVT899180,CSTM1033,Call,2025-10-02,App,7
EVT441651,CSTM1033,Meeting,2025-10-12,InPerson,2
EVT141743,CSTM1033,EmailOpen,2025-08-12,InPerson,3
EVT426284,CSTM1033,EmailClick,2025-02-03,App,4
EVT756051,CSTM1033,SupportTicket,2025-01-22,InPerson,9
EVT327909,CSTM1034,SupportTicket,2025-02-07,Email,4
EVT838591,CSTM1034,SupportTicket,2025-01-09,Phone,5
EVT628036,CSTM1034,EmailOpen,2025-05-06,InPerson,2
EVT744905,CSTM1034,SiteVisit,2025-03-18,InPerson,3
EVT964418,CSTM1034,Call,2025-06-08,App,3
EVT752468,CSTM1034,Meeting,2025-04-05,Web,4
EVT614241,CSTM1034,EmailClick,2025-05-18,Email,7
EVT870974,CSTM1034,Call,2025-09-02,Email,7
EVT807910,CSTM1035,EmailOpen,2025-01-04,Phone,1
EVT292458,CSTM1035,Purchase,2025-08-13,Email,5
EVT975206,CSTM1035,EmailClick,2025-04-16,InPerson,3
EVT959466,CSTM1035,SupportTicket,2025-06-20,InPerson,3
EVT115216,CSTM1035,Purchase,2025-10-10,Email,2
EVT560829,CSTM1035,SiteVisit,2025-07-01,InPerson,9
EVT919497,CSTM1036,EmailClick,2025-09-23,App,8
EVT544718,CSTM1036,EmailOpen,2025-02-11,App,6
EVT448627,CSTM1036,Meeting,2025-07-04,Web,9
EVT541503,CSTM1036,SiteVisit,2025-06-11,Phone,8
EVT121067,CSTM1036,EmailOpen,2025-03-14,Phone,9
EVT186803,CSTM1036,SiteVisit,2025-08-14,Phone,1
EVT673091,CSTM1036,EmailOpen,2025-05-04,Web,2
EVT555224,CSTM1036,Purchase,2025-06-08,App,5
EVT656371,CSTM1036,Call,2025-06-05,App,5
EVT290167,CSTM1036,EmailClick,2025-05-26,Phone,6
EVT703555,CSTM1036,Meeting,2025-02-05,App,4
EVT207615,CSTM1036,Call,2025-08-05,InPerson,4
EVT704453,CSTM1036,EmailClick,2025-01-18,App,5
EVT815879,CSTM1036,EmailOpen,2025-05-29,InPerson,1
EVT881453,CSTM1037,EmailOpen,2025-03-28,InPerson,1
EVT893070,CSTM1037,SiteVisit,2025-06-18,App,4
EVT811423,CSTM1037,Meeting,2025-04-14,Web,1
EVT747952,CSTM1037,Call,2025-09-02,App,4
EVT344936,CSTM1037,Call,2025-05-13,Email,6
EVT378104,CSTM1037,SiteVisit,2025-08-07,Email,4
EVT697578,CSTM1037,SupportTicket,2025-04-06,Web,6
EVT692399,CSTM1037,Purchase,2025-08-06,Web,1
EVT713812,CSTM1037,EmailClick,2025-02-27,Email,2
EVT331452,CSTM1037,Call,2025-01-08,Email,3
EVT752962,CSTM1037,Call,2025-07-07,InPerson,4
EVT751539,CSTM1037,Meeting,2025-04-19,InPerson,3
EVT205573,CSTM1037,EmailOpen,2025-10-02,Web,9
EVT773243,CSTM1037,SiteVisit,2025-03-27,App,6
EVT972391,CSTM1038,EmailOpen,2025-07-30,Phone,3
EVT591818,CSTM1038,EmailClick,2025-01-26,Email,4
EVT709007,CSTM1038,EmailOpen,2025-07-30,InPerson,7
EVT438585,CSTM1038,EmailClick,2025-09-24,Web,6
EVT456778,CSTM1038,EmailClick,2025-04-08,InPerson,6
EVT572295,CSTM1038,SiteVisit,2025-08-08,InPerson,6
EVT513962,CSTM1038,Purchase,2025-09-20,InPerson,9
EVT888325,CSTM1038,Call,2025-06-03,Web,3
EVT842820,CSTM1038,EmailOpen,2025-04-27,Email,9
EVT267477,CSTM1038,EmailClick,2025-04-28,InPerson,1
EVT452621,CSTM1038,EmailClick,2025-01-07,InPerson,6
EVT469430,CSTM1038,EmailClick,2025-08-03,Web,9
EVT853180,CSTM1039,EmailClick,2025-02-23,InPerson,3
EVT251899,CSTM1039,Purchase,2025-10-13,InPerson,8
EVT232018,CSTM1039,EmailOpen,2025-08-05,Web,5
EVT820117,CSTM1039,Call,2025-03-05,Email,7
EVT536048,CSTM1039,Purchase,2025-10-05,Email,9
EVT122490,CSTM1039,EmailClick,2025-08-18,Email,5
EVT371265,CSTM1039,EmailOpen,2025-07-07,InPerson,6
EVT412579,CSTM1039,Call,2025-08-06,Phone,9
EVT432066,CSTM1039,EmailOpen,2025-07-08,Web,4
EVT867610,CSTM1039,Call,2025-09-01,Email,2
EVT886939,CSTM1039,SupportTicket,2025-06-05,Web,4
EVT595919,CSTM1040,EmailClick,2025-01-17,Email,4
EVT566589,CSTM1040,EmailClick,2025-01-30,Phone,4
EVT475897,CSTM1040,EmailClick,2025-01-18,App,1
EVT105209,CSTM1040,EmailOpen,2025-03-28,InPerson,8
EVT741621,CSTM1040,SiteVisit,2025-06-01,Phone,5
EVT664984,CSTM1040,SupportTicket,2025-01-30,Phone,5
EVT150013,CSTM1041,EmailOpen,2025-04-28,Email,6
EVT650428,CSTM1041,EmailClick,2025-09-04,App,2
EVT892038,CSTM1041,SiteVisit,2025-06-29,Phone,3
EVT355658,CSTM1041,SiteVisit,2025-05-15,App,1
EVT851993,CSTM1041,SiteVisit,2025-04-05,Web,2
EVT424464,CSTM1041,SiteVisit,2025-07-15,Phone,6
EVT417942,CSTM1041,Call,2025-01-25,Web,7
EVT223099,CSTM1041,EmailOpen,2025-08-12,Email,9
EVT172095,CSTM1041,SupportTicket,2025-05-30,App,5
EVT177606,CSTM1041,SiteVisit,2025-09-08,App,3
EVT724987,CSTM1041,EmailClick,2025-09-23,Web,6
EVT398277,CSTM1041,SiteVisit,2025-04-21,Web,3
EVT251542,CSTM1041,EmailOpen,2025-01-08,InPerson,3
EVT391975,CSTM1042,Call,2025-02-14,App,3
EVT153051,CSTM1042,EmailClick,2025-01-09,App,9
EVT617733,CSTM1042,SupportTicket,2025-01-15,Email,5
EVT397225,CSTM1042,Purchase,2025-01-01,Email,9
EVT721912,CSTM1042,EmailOpen,2025-01-12,Phone,9
EVT114506,CSTM1042,Call,2025-10-06,App,9
EVT355116,CSTM1043,EmailOpen,2025-07-09,InPerson,2
EVT494295,CSTM1043,SiteVisit,2025-04-02,Email,8
EVT815232,CSTM1043,EmailOpen,2025-08-08,Email,2
EVT704111,CSTM1044,Purchase,2025-01-06,App,5
EVT931635,CSTM1044,EmailOpen,2025-01-25,Phone,2
EVT404958,CSTM1044,Meeting,2025-06-24,App,2
EVT462232,CSTM1044,Call,2025-04-21,Web,3
EVT270733,CSTM1045,Purchase,2025-01-26,App,8
EVT538976,CSTM1045,SiteVisit,2025-08-21,Web,2
EVT776278,CSTM1045,EmailClick,2025-03-17,InPerson,1
EVT538963,CSTM1045,SupportTicket,2025-01-28,Email,5
EVT507137,CSTM1045,Call,2025-04-09,App,7
EVT991407,CSTM1045,Call,2025-05-30,Web,8
EVT928854,CSTM1045,Purchase,2025-08-24,App,8
EVT433720,CSTM1045,SiteVisit,2025-03-26,Web,7
EVT908524,CSTM1046,Call,2025-06-07,Email,5
EVT121398,CSTM1046,EmailClick,2025-04-13,InPerson,2
EVT460306,CSTM1046,SupportTicket,2025-03-29,Web,7
EVT539727,CSTM1046,Call,2025-02-19,Web,9
EVT134924,CSTM1046,SiteVisit,2025-09-02,App,8
EVT673228,CSTM1046,SiteVisit,2025-04-22,InPerson,5
EVT762132,CSTM1046,EmailOpen,2025-09-03,InPerson,9
EVT947929,CSTM1046,EmailOpen,2025-01-25,Web,9
EVT100901,CSTM1046,EmailOpen,2025-02-07,Phone,8
EVT498838,CSTM1046,Call,2025-09-16,Email,8
EVT931633,CSTM1046,Meeting,2025-01-19,InPerson,8
EVT936642,CSTM1046,SupportTicket,2025-08-25,InPerson,9
EVT971905,CSTM1047,SupportTicket,2025-05-06,Phone,3
EVT418488,CSTM1047,Meeting,2025-07-30,Web,9
EVT221897,CSTM1047,EmailOpen,2025-05-09,Phone,8
EVT976888,CSTM1047,Call,2025-02-03,App,6
EVT445578,CSTM1047,EmailOpen,2025-02-17,Phone,9
EVT616369,CSTM1047,EmailClick,2025-09-01,InPerson,9
EVT100515,CSTM1047,Call,2025-01-15,Email,9
EVT683043,CSTM1047,EmailClick,2025-06-03,Web,9
EVT196502,CSTM1047,Call,2025-03-10,Phone,2
EVT528556,CSTM1047,EmailOpen,2025-04-03,App,9
EVT362210,CSTM1047,EmailOpen,2025-01-08,Email,5
EVT924930,CSTM1047,Purchase,2025-09-24,Phone,4
EVT480171,CSTM1047,SiteVisit,2025-05-21,InPerson,8
EVT132966,CSTM1047,EmailClick,2025-03-14,InPerson,7
EVT947516,CSTM1048,EmailClick,2025-05-31,Web,5
EVT122616,CSTM1048,EmailOpen,2025-08-11,InPerson,7
EVT465036,CSTM1048,Call,2025-07-28,App,7
EVT232201,CSTM1048,Meeting,2025-08-08,Web,3
EVT263402,CSTM1048,Call,2025-03-23,App,3
EVT323034,CSTM1048,EmailOpen,2025-08-02,Email,4
EVT350072,CSTM1048,EmailClick,2025-01-15,Web,7
EVT942672,CSTM1048,Call,2025-09-27,InPerson,7
EVT485134,CSTM1049,EmailClick,2025-05-24,Web,8
EVT306555,CSTM1049,Call,2025-07-29,Web,1
EVT872268,CSTM1049,SupportTicket,2025-07-10,Web,2
EVT948389,CSTM1049,Call,2025-02-05,App,9
EVT438250,CSTM1050,SiteVisit,2025-06-23,Web,2
EVT743970,CSTM1050,EmailOpen,2025-10-11,App,3
EVT215375,CSTM1050,EmailClick,2025-03-31,Web,8
EVT929203,CSTM1050,EmailClick,2025-06-28,Web,7
EVT988704,CSTM1050,Call,2025-04-19,InPerson,3
EVT171916,CSTM1050,EmailOpen,2025-09-03,Web,1
EVT886895,CSTM1050,SupportTicket,2025-08-07,InPerson,7
EVT170474,CSTM1050,Call,2025-02-10,Email,2
EVT646792,CSTM1051,EmailClick,2025-06-14,Email,3
EVT597666,CSTM1051,Meeting,2025-02-17,Web,4
EVT591966,CSTM1051,Meeting,2025-09-27,App,1
EVT472339,CSTM1051,EmailOpen,2025-01-24,Phone,6
EVT873617,CSTM1051,EmailOpen,2025-07-25,Web,2
EVT320935,CSTM1052,Call,2025-09-04,App,9
EVT503359,CSTM1052,Purchase,2025-07-08,InPerson,1
EVT928416,CSTM1052,EmailOpen,2025-09-26,InPerson,9
EVT921190,CSTM1052,SupportTicket,2025-04-08,App,9
EVT708269,CSTM1052,Purchase,2025-02-07,Phone,1
EVT750807,CSTM1053,SiteVisit,2025-03-30,InPerson,5
EVT769986,CSTM1053,SupportTicket,2025-09-02,Phone,1
EVT162287,CSTM1053,EmailClick,2025-09-30,Phone,4
EVT761414,CSTM1053,EmailClick,2025-03-26,Email,7
EVT259379,CSTM1053,EmailOpen,2025-03-10,Web,9
EVT703623,CSTM1053,SiteVisit,2025-06-14,Phone,9
EVT583178,CSTM1054,Purchase,2025-09-22,Phone,7
EVT109637,CSTM1054,Meeting,2025-06-06,Email,2
EVT100215,CSTM1054,EmailClick,2025-04-07,App,2
EVT667354,CSTM1055,Call,2025-06-20,InPerson,9
EVT599387,CSTM1055,Purchase,2025-08-16,Phone,7
EVT753936,CSTM1055,SiteVisit,2025-02-25,Phone,6
EVT493444,CSTM1055,Call,2025-04-23,App,1
EVT395830,CSTM1055,Call,2025-03-20,Phone,2
EVT404962,CSTM1055,SupportTicket,2025-07-15,Phone,7
EVT399477,CSTM1055,Meeting,2025-03-11,InPerson,1
EVT655889,CSTM1055,EmailOpen,2025-02-21,App,9
EVT949326,CSTM1055,SiteVisit,2025-09-08,Web,8
EVT996197,CSTM1055,EmailClick,2025-06-28,Web,6
EVT952208,CSTM1055,EmailOpen,2025-03-06,Web,6
EVT535126,CSTM1055,EmailClick,2025-07-04,App,6
EVT118557,CSTM1056,SiteVisit,2025-07-31,Email,2
EVT823055,CSTM1056,Meeting,2025-01-31,Phone,1
EVT969485,CSTM1056,Purchase,2025-07-26,Web,8
EVT126081,CSTM1056,Purchase,2025-02-26,App,1
EVT106464,CSTM1056,Purchase,2025-07-17,Web,5
EVT567435,CSTM1056,SiteVisit,2025-01-16,Phone,1
EVT204127,CSTM1056,Purchase,2025-04-10,Email,7
EVT119782,CSTM1056,SiteVisit,2025-06-30,Phone,4
EVT622829,CSTM1056,SiteVisit,2025-07-25,Web,2
EVT880721,CSTM1056,EmailClick,2025-01-10,App,6
EVT406024,CSTM1056,Call,2025-05-30,App,6
EVT812593,CSTM1056,EmailClick,2025-07-30,Email,7
EVT673466,CSTM1057,SiteVisit,2025-02-13,InPerson,7
EVT531322,CSTM1057,Purchase,2025-07-11,App,2
EVT310809,CSTM1057,EmailOpen,2025-02-24,App,3
EVT737506,CSTM1057,EmailOpen,2025-03-20,Phone,1
EVT545096,CSTM1057,Purchase,2025-06-18,Web,2
EVT912934,CSTM1057,SupportTicket,2025-02-12,App,4
EVT266405,CSTM1057,SiteVisit,2025-08-12,Phone,2
EVT851331,CSTM1057,Call,2025-06-07,InPerson,1
EVT867166,CSTM1058,Call,2025-03-15,Web,8
EVT250056,CSTM1058,SiteVisit,2025-07-27,Web,1
EVT317726,CSTM1059,EmailOpen,2025-05-10,App,9
EVT155739,CSTM1059,EmailOpen,2025-08-03,Phone,1
EVT429801,CSTM1059,Meeting,2025-07-22,Web,5
EVT104136,CSTM1059,EmailOpen,2025-06-15,Email,1
EVT880516,CSTM1059,SupportTicket,2025-08-04,Email,8
EVT381411,CSTM1059,Purchase,2025-05-17,App,2
EVT512601,CSTM1059,Meeting,2025-04-04,App,2
EVT707132,CSTM1059,Call,2025-07-02,App,1
EVT572617,CSTM1059,EmailOpen,2025-10-01,App,2
EVT151272,CSTM1059,SupportTicket,2025-01-17,App,4
EVT253706,CSTM1059,EmailOpen,2025-02-16,App,5
EVT137394,CSTM1059,EmailOpen,2025-09-04,Phone,9
EVT238925,CSTM1060,Purchase,2025-06-03,Phone,5
EVT475233,CSTM1060,Purchase,2025-05-11,Web,1
EVT268112,CSTM1060,EmailClick,2025-03-17,Web,1
EVT846137,CSTM1060,SiteVisit,2025-02-24,InPerson,4
EVT802214,CSTM1060,EmailClick,2025-04-28,InPerson,8
EVT942549,CSTM1060,SiteVisit,2025-07-08,Email,9
EVT129813,CSTM1060,Call,2025-09-23,Phone,8
EVT497798,CSTM1060,SiteVisit,2025-06-06,InPerson,7
EVT666605,CSTM1060,SiteVisit,2025-08-21,Phone,7
EVT415929,CSTM1060,EmailOpen,2025-06-10,InPerson,3
EVT259484,CSTM1060,SiteVisit,2025-03-09,Phone,1
EVT731339,CSTM1061,SiteVisit,2025-08-06,Phone,5
EVT586121,CSTM1061,Purchase,2025-03-07,App,7
EVT892879,CSTM1061,Call,2025-09-11,InPerson,4
EVT760354,CSTM1061,SiteVisit,2025-07-06,Phone,4
EVT430511,CSTM1061,EmailClick,2025-03-19,InPerson,6
EVT930819,CSTM1061,EmailOpen,2025-07-11,InPerson,4
EVT613269,CSTM1061,Call,2025-05-03,Web,8
EVT432255,CSTM1061,SupportTicket,2025-03-12,InPerson,5
EVT253956,CSTM1061,Meeting,2025-04-17,Web,5
EVT935726,CSTM1061,SiteVisit,2025-01-11,Phone,5
EVT978260,CSTM1061,SiteVisit,2025-01-23,Web,6
EVT146233,CSTM1061,EmailOpen,2025-01-17,App,9
EVT206311,CSTM1061,Purchase,2025-09-24,App,3
EVT910486,CSTM1062,Meeting,2025-01-14,InPerson,6
EVT594829,CSTM1062,SiteVisit,2025-04-29,Phone,1
EVT715362,CSTM1062,EmailClick,2025-05-25,Web,1
EVT879110,CSTM1062,Call,2025-09-25,App,2
EVT563956,CSTM1062,Call,2025-04-16,InPerson,2
EVT460466,CSTM1062,Purchase,2025-07-16,Email,2
EVT653351,CSTM1062,EmailClick,2025-09-19,Web,9
EVT270824,CSTM1062,SiteVisit,2025-05-20,Phone,5
EVT784500,CSTM1063,SupportTicket,2025-01-10,InPerson,6
EVT713332,CSTM1063,SupportTicket,2025-08-30,InPerson,2
EVT504499,CSTM1063,Purchase,2025-06-16,Email,1
EVT894300,CSTM1063,SiteVisit,2025-09-03,InPerson,7
EVT894865,CSTM1063,EmailOpen,2025-05-25,Web,8
EVT771813,CSTM1064,Call,2025-09-05,Email,2
EVT973272,CSTM1064,SiteVisit,2025-08-08,InPerson,9
EVT376393,CSTM1064,EmailOpen,2025-06-29,Phone,9
EVT461185,CSTM1064,SiteVisit,2025-10-06,App,7
EVT849856,CSTM1064,SupportTicket,2025-08-20,Phone,1
EVT648065,CSTM1064,Call,2025-08-17,Web,2
EVT749837,CSTM1064,SiteVisit,2025-09-03,App,5
EVT739169,CSTM1064,Purchase,2025-06-26,InPerson,1
EVT882119,CSTM1064,SiteVisit,2025-01-13,Phone,3
EVT121341,CSTM1065,SiteVisit,2025-08-17,Web,6
EVT823776,CSTM1065,EmailOpen,2025-07-27,Phone,5
EVT972504,CSTM1065,SiteVisit,2025-01-18,Phone,6
EVT547746,CSTM1066,SupportTicket,2025-10-12,Web,2
EVT366907,CSTM1066,SiteVisit,2025-04-18,App,6
EVT327966,CSTM1066,Call,2025-09-15,Phone,8
EVT695983,CSTM1066,EmailOpen,2025-07-23,InPerson,9
EVT930222,CSTM1066,SupportTicket,2025-02-01,App,4
EVT892244,CSTM1066,EmailClick,2025-06-18,Phone,8
EVT429478,CSTM1066,Meeting,2025-05-07,Web,4
EVT258272,CSTM1066,EmailClick,2025-07-17,InPerson,5
EVT450036,CSTM1066,SiteVisit,2025-05-31,App,1
EVT535686,CSTM1066,EmailClick,2025-08-07,Web,4
EVT156116,CSTM1066,EmailClick,2025-04-14,InPerson,5
EVT286720,CSTM1066,EmailOpen,2025-09-13,InPerson,5
EVT243029,CSTM1066,Call,2025-09-01,Web,5
EVT970220,CSTM1066,SiteVisit,2025-08-14,App,6
EVT706752,CSTM1067,EmailClick,2025-06-30,Email,8
EVT977311,CSTM1067,Purchase,2025-04-11,Web,9
EVT188741,CSTM1067,EmailClick,2025-05-23,App,3
EVT317394,CSTM1067,EmailClick,2025-07-01,InPerson,2
EVT612214,CSTM1067,SiteVisit,2025-10-08,InPerson,5
EVT739548,CSTM1068,SupportTicket,2025-01-09,Web,3
EVT195864,CSTM1068,EmailClick,2025-03-04,Email,4
EVT583761,CSTM1068,Meeting,2025-09-12,Phone,4
EVT879105,CSTM1068,SiteVisit,2025-03-10,Phone,1
EVT383817,CSTM1069,Call,2025-06-23,Phone,1
EVT488227,CSTM1069,Meeting,2025-05-30,Email,4
EVT380790,CSTM1069,EmailOpen,2025-07-18,Web,2
EVT448848,CSTM1069,Meeting,2025-08-04,Email,4
EVT721781,CSTM1069,Call,2025-07-14,Phone,9
EVT491670,CSTM1069,SiteVisit,2025-08-30,InPerson,7
EVT374270,CSTM1069,SupportTicket,2025-07-15,Phone,7
EVT407124,CSTM1069,EmailOpen,2025-09-03,InPerson,5
EVT823953,CSTM1069,SupportTicket,2025-05-25,Web,2
EVT808669,CSTM1069,SiteVisit,2025-07-25,InPerson,4
EVT919564,CSTM1069,EmailClick,2025-01-19,Email,5
EVT615578,CSTM1069,Purchase,2025-03-09,App,7
EVT654280,CSTM1070,EmailOpen,2025-02-11,App,6
EVT643410,CSTM1070,SiteVisit,2025-05-08,Email,1
EVT824045,CSTM1070,EmailOpen,2025-08-19,App,1
EVT887600,CSTM1070,Meeting,2025-09-22,Email,4
EVT222026,CSTM1070,EmailOpen,2025-06-15,InPerson,2
EVT607532,CSTM1070,Meeting,2025-06-10,Email,1
EVT308137,CSTM1070,SiteVisit,2025-04-18,Email,1
EVT628313,CSTM1070,SiteVisit,2025-03-12,InPerson,8
EVT830070,CSTM1070,EmailOpen,2025-08-26,Email,5
EVT445876,CSTM1070,Call,2025-04-30,Email,3
EVT248866,CSTM1070,SupportTicket,2025-07-12,Web,9
EVT571678,CSTM1071,SiteVisit,2025-06-02,App,7
EVT327436,CSTM1071,SupportTicket,2025-06-21,Web,5
EVT444912,CSTM1071,Call,2025-03-28,Web,3
EVT403806,CSTM1071,Call,2025-04-28,Web,4
EVT595898,CSTM1071,EmailClick,2025-01-17,InPerson,3
EVT131556,CSTM1071,Purchase,2025-01-17,App,6
EVT714342,CSTM1071,SiteVisit,2025-09-08,InPerson,8
EVT632125,CSTM1071,SiteVisit,2025-07-16,App,9
EVT468946,CSTM1071,EmailOpen,2025-07-15,App,2
EVT248178,CSTM1072,Call,2025-02-26,Email,8
EVT324866,CSTM1072,EmailOpen,2025-07-22,Email,9
EVT798267,CSTM1072,SiteVisit,2025-09-28,App,3
EVT160186,CSTM1072,EmailClick,2025-08-02,InPerson,4
EVT176208,CSTM1072,Meeting,2025-08-01,Phone,7
EVT405007,CSTM1072,Purchase,2025-05-26,Web,2
EVT982608,CSTM1072,Call,2025-06-16,InPerson,8
EVT449345,CSTM1072,SiteVisit,2025-09-11,Phone,6
EVT524429,CSTM1072,EmailOpen,2025-07-20,Web,3
EVT413732,CSTM1072,SiteVisit,2025-03-23,InPerson,7
EVT840045,CSTM1072,Call,2025-07-23,InPerson,6
EVT345847,CSTM1073,EmailOpen,2025-03-09,Email,5
EVT612177,CSTM1073,EmailOpen,2025-04-18,InPerson,7
EVT393313,CSTM1073,SiteVisit,2025-05-26,InPerson,1
EVT438246,CSTM1073,Call,2025-07-15,Web,7
EVT951617,CSTM1073,EmailOpen,2025-04-29,App,3
EVT865710,CSTM1073,EmailOpen,2025-02-13,Phone,5
EVT714229,CSTM1073,Purchase,2025-01-03,Web,1
EVT437164,CSTM1073,SiteVisit,2025-01-07,InPerson,7
EVT727763,CSTM1074,EmailClick,2025-01-17,App,9
EVT538988,CSTM1074,SiteVisit,2025-08-07,InPerson,8
EVT356323,CSTM1074,EmailClick,2025-09-16,Web,8
EVT538744,CSTM1074,Meeting,2025-04-18,InPerson,6
EVT113731,CSTM1074,EmailClick,2025-09-30,Web,1
EVT365976,CSTM1074,Meeting,2025-09-15,Phone,4
EVT194202,CSTM1074,Meeting,2025-06-20,Web,7
EVT848987,CSTM1074,SiteVisit,2025-08-15,App,4
EVT373958,CSTM1074,EmailOpen,2025-04-13,Email,5
EVT355095,CSTM1075,SiteVisit,2025-09-25,Email,8
EVT132940,CSTM1075,EmailOpen,2025-05-08,App,7
EVT126505,CSTM1075,Call,2025-04-27,Phone,3
EVT926954,CSTM1075,SiteVisit,2025-07-19,App,2
EVT628168,CSTM1075,EmailOpen,2025-03-11,InPerson,9
EVT319057,CSTM1075,SiteVisit,2025-08-14,InPerson,7
EVT148784,CSTM1075,SiteVisit,2025-02-08,App,7
EVT153997,CSTM1075,Meeting,2025-04-01,Phone,6
EVT840686,CSTM1075,Call,2025-03-30,App,8
EVT648912,CSTM1075,Call,2025-06-14,Phone,5
EVT301893,CSTM1075,EmailOpen,2025-10-01,App,3
EVT596297,CSTM1075,SiteVisit,2025-05-18,InPerson,2
EVT204672,CSTM1075,EmailOpen,2025-03-28,Web,2
EVT213153,CSTM1075,SiteVisit,2025-06-05,Email,5
EVT442196,CSTM1076,EmailOpen,2025-04-02,InPerson,8
EVT458234,CSTM1076,EmailClick,2025-07-08,App,7
EVT264404,CSTM1076,EmailOpen,2025-02-16,App,7
EVT136404,CSTM1076,SupportTicket,2025-08-14,Phone,3
EVT944124,CSTM1076,SupportTicket,2025-03-05,Phone,3
EVT588195,CSTM1076,SiteVisit,2025-02-08,App,4
EVT757253,CSTM1076,Call,2025-01-11,Web,1
EVT877766,CSTM1076,Purchase,2025-01-21,Phone,4
EVT399345,CSTM1077,SupportTicket,2025-04-21,Web,3
EVT360710,CSTM1077,Meeting,2025-06-08,Web,6
EVT757346,CSTM1077,EmailClick,2025-03-25,Phone,2
EVT456843,CSTM1077,Call,2025-05-06,Phone,5
EVT688033,CSTM1077,SiteVisit,2025-09-22,App,2
EVT147779,CSTM1077,SiteVisit,2025-03-17,Email,6
EVT477218,CSTM1077,SiteVisit,2025-06-26,Phone,5
EVT298910,CSTM1077,EmailClick,2025-08-18,App,1
EVT212036,CSTM1077,EmailOpen,2025-05-24,App,8
EVT422870,CSTM1077,SiteVisit,2025-07-27,Phone,6
EVT373497,CSTM1077,EmailClick,2025-06-04,Web,6
EVT793464,CSTM1077,SupportTicket,2025-06-23,Email,5
EVT567143,CSTM1078,Purchase,2025-01-21,App,8
EVT561063,CSTM1078,SupportTicket,2025-10-03,Phone,9
EVT485007,CSTM1078,Call,2025-04-03,Phone,6
EVT815637,CSTM1078,SiteVisit,2025-03-21,Email,8
EVT805359,CSTM1078,SiteVisit,2025-04-03,App,1
EVT627608,CSTM1078,Call,2025-03-14,App,3
EVT291303,CSTM1078,Meeting,2025-08-08,App,7
EVT899395,CSTM1078,EmailClick,2025-02-11,Phone,2
EVT966164,CSTM1079,Call,2025-03-14,Phone,4
EVT879957,CSTM1079,EmailClick,2025-06-02,App,6
EVT753817,CSTM1079,Call,2025-02-22,Phone,6
EVT579767,CSTM1079,EmailClick,2025-04-13,Email,1
EVT549274,CSTM1079,Purchase,2025-07-28,InPerson,9
EVT366285,CSTM1079,Meeting,2025-09-16,InPerson,1
EVT946334,CSTM1079,Purchase,2025-01-24,InPerson,4
EVT349402,CSTM1079,Call,2025-01-16,Email,2
EVT848224,CSTM1079,Meeting,2025-09-24,Web,4
EVT154225,CSTM1079,Purchase,2025-03-16,Email,2
EVT128930,CSTM1080,EmailClick,2025-02-08,Email,1
EVT394478,CSTM1080,EmailClick,2025-06-25,InPerson,4
EVT780611,CSTM1080,EmailOpen,2025-04-27,App,1
EVT401111,CSTM1080,EmailOpen,2025-07-07,InPerson,9
EVT683247,CSTM1080,SiteVisit,2025-08-05,Email,5
EVT710610,CSTM1080,EmailOpen,2025-05-08,Web,4
EVT359427,CSTM1080,EmailOpen,2025-06-30,InPerson,4
EVT697457,CSTM1080,SiteVisit,2025-06-30,Email,2
EVT625332,CSTM1081,EmailClick,2025-03-07,InPerson,7
EVT907733,CSTM1081,EmailOpen,2025-02-16,Email,3
EVT826989,CSTM1081,EmailClick,2025-03-14,Phone,4
EVT550400,CSTM1081,Purchase,2025-06-25,Phone,3
EVT510354,CSTM1081,EmailClick,2025-01-02,Web,5
EVT189743,CSTM1081,SiteVisit,2025-03-23,App,7
EVT189846,CSTM1081,EmailOpen,2025-09-27,App,1
EVT339647,CSTM1082,Purchase,2025-04-16,Email,5
EVT486480,CSTM1082,EmailClick,2025-05-17,InPerson,2
EVT918749,CSTM1082,Purchase,2025-01-09,App,2
EVT303141,CSTM1082,Meeting,2025-05-23,App,4
EVT531544,CSTM1082,EmailOpen,2025-03-23,Web,3
EVT513757,CSTM1082,EmailOpen,2025-04-24,App,2
EVT552115,CSTM1082,SupportTicket,2025-09-12,Email,9
EVT666134,CSTM1082,Call,2025-07-15,InPerson,4
EVT915915,CSTM1082,Meeting,2025-01-08,App,6
EVT715326,CSTM1082,EmailClick,2025-03-10,Phone,1
EVT121058,CSTM1082,EmailOpen,2025-05-06,InPerson,3
EVT802716,CSTM1083,EmailOpen,2025-07-04,Phone,2
EVT292941,CSTM1083,SiteVisit,2025-03-03,Web,7
EVT307158,CSTM1083,EmailOpen,2025-06-12,Phone,6
EVT172255,CSTM1083,Meeting,2025-06-21,Phone,2
EVT468697,CSTM1083,EmailOpen,2025-04-20,Phone,8
EVT667256,CSTM1083,Meeting,2025-06-20,Web,3
EVT804824,CSTM1083,SupportTicket,2025-01-26,App,6
EVT958809,CSTM1083,SupportTicket,2025-07-07,InPerson,1
EVT683526,CSTM1083,Purchase,2025-01-11,Phone,5
EVT329991,CSTM1083,EmailOpen,2025-04-10,InPerson,6
EVT730458,CSTM1083,SiteVisit,2025-06-30,Web,8
EVT181171,CSTM1084,Meeting,2025-04-25,Web,5
EVT341535,CSTM1084,EmailOpen,2025-07-26,Web,8
EVT411997,CSTM1084,SiteVisit,2025-01-26,Phone,7
EVT140736,CSTM1085,SiteVisit,2025-06-18,Web,1
EVT760246,CSTM1085,SiteVisit,2025-01-16,InPerson,8
EVT532859,CSTM1085,EmailOpen,2025-05-13,Email,5
EVT791150,CSTM1085,SupportTicket,2025-01-22,Email,7
EVT765329,CSTM1085,EmailOpen,2025-08-23,Phone,7
EVT519503,CSTM1085,SiteVisit,2025-06-03,Phone,1
EVT258253,CSTM1085,Purchase,2025-05-14,Phone,8
EVT331322,CSTM1085,Meeting,2025-05-26,InPerson,1
EVT940125,CSTM1085,EmailClick,2025-09-04,Phone,7
EVT944898,CSTM1085,Call,2025-05-20,Web,7
EVT207441,CSTM1085,Purchase,2025-04-14,App,9
EVT149402,CSTM1085,EmailOpen,2025-07-02,InPerson,2
EVT883077,CSTM1085,SiteVisit,2025-09-26,Phone,8
EVT115791,CSTM1086,Call,2025-09-04,Web,3
EVT170246,CSTM1086,EmailClick,2025-07-29,InPerson,5
EVT657176,CSTM1086,Meeting,2025-05-19,App,1
EVT446140,CSTM1086,SupportTicket,2025-04-01,App,9
EVT150468,CSTM1086,EmailClick,2025-05-10,Web,6
EVT765078,CSTM1086,SupportTicket,2025-05-19,App,3
EVT145406,CSTM1086,EmailClick,2025-05-23,Web,1
EVT154943,CSTM1086,EmailClick,2025-07-11,Phone,8
EVT850401,CSTM1086,Call,2025-08-03,Web,8
EVT257212,CSTM1086,EmailOpen,2025-10-09,Email,1
EVT719256,CSTM1086,EmailOpen,2025-03-28,Web,6
EVT543931,CSTM1086,SupportTicket,2025-02-13,Web,8
EVT244258,CSTM1087,SupportTicket,2025-09-01,InPerson,2
EVT249805,CSTM1087,SupportTicket,2025-09-05,App,9
EVT579498,CSTM1087,EmailOpen,2025-03-26,Web,1
EVT464446,CSTM1087,Call,2025-08-04,App,3
EVT501339,CSTM1087,EmailOpen,2025-08-08,Email,2
EVT692610,CSTM1087,EmailOpen,2025-04-15,App,5
EVT519204,CSTM1087,Purchase,2025-02-27,App,4
EVT230364,CSTM1087,EmailOpen,2025-09-12,Phone,9
EVT152127,CSTM1087,EmailClick,2025-05-01,Email,9
EVT738464,CSTM1087,EmailOpen,2025-08-13,App,3
EVT317912,CSTM1087,Purchase,2025-02-17,InPerson,5
EVT607750,CSTM1088,EmailClick,2025-10-05,Web,5
EVT627831,CSTM1088,Meeting,2025-03-10,Email,8
EVT274001,CSTM1088,Call,2025-08-04,Phone,4
EVT157196,CSTM1089,EmailOpen,2025-07-24,Email,8
EVT465543,CSTM1089,Meeting,2025-06-21,Phone,2
EVT305603,CSTM1089,EmailOpen,2025-01-15,App,6
EVT259912,CSTM1089,Meeting,2025-07-27,Phone,1
EVT703910,CSTM1089,SiteVisit,2025-05-26,App,7
EVT586626,CSTM1089,EmailOpen,2025-01-16,Phone,7
EVT459181,CSTM1089,Call,2025-09-02,Email,9
EVT649264,CSTM1089,SiteVisit,2025-10-04,Web,1
EVT290861,CSTM1089,SiteVisit,2025-07-05,Web,5
EVT299121,CSTM1089,SiteVisit,2025-03-18,Email,7
EVT150248,CSTM1089,EmailClick,2025-01-18,App,6
EVT306354,CSTM1089,EmailClick,2025-01-17,Web,8
EVT848065,CSTM1089,EmailClick,2025-04-11,InPerson,8
EVT821754,CSTM1090,Meeting,2025-01-11,App,1
EVT658086,CSTM1090,EmailClick,2025-03-21,Phone,8
EVT758210,CSTM1090,SiteVisit,2025-01-12,Phone,4
EVT568255,CSTM1090,EmailClick,2025-09-30,Web,4
EVT862945,CSTM1090,EmailOpen,2025-06-02,App,6
EVT192115,CSTM1090,Meeting,2025-09-16,Email,7
EVT723813,CSTM1091,Purchase,2025-04-11,App,9
EVT608670,CSTM1091,Meeting,2025-07-01,Web,1
EVT234585,CSTM1092,EmailOpen,2025-09-13,App,6
EVT917439,CSTM1092,EmailOpen,2025-01-25,Phone,5
EVT681768,CSTM1092,Call,2025-10-09,InPerson,6
EVT193650,CSTM1092,EmailClick,2025-03-27,InPerson,3
EVT929374,CSTM1092,SupportTicket,2025-08-23,Email,7
EVT178422,CSTM1092,EmailOpen,2025-04-10,Web,5
EVT987246,CSTM1092,SupportTicket,2025-06-14,Web,2
EVT260014,CSTM1092,Call,2025-03-25,Phone,6
EVT526042,CSTM1092,SupportTicket,2025-10-06,Web,8
EVT718119,CSTM1093,SupportTicket,2025-05-03,App,2
EVT644653,CSTM1093,SiteVisit,2025-02-19,Web,9
EVT258571,CSTM1093,SiteVisit,2025-07-10,App,7
EVT100294,CSTM1094,EmailClick,2025-03-16,Phone,3
EVT707317,CSTM1094,SiteVisit,2025-02-17,InPerson,2
EVT420580,CSTM1094,EmailClick,2025-05-31,Email,9
EVT653620,CSTM1094,EmailOpen,2025-04-11,Email,8
EVT283024,CSTM1094,EmailOpen,2025-08-31,Web,2
EVT753525,CSTM1094,EmailOpen,2025-01-06,InPerson,4
EVT875404,CSTM1094,EmailClick,2025-01-12,App,1
EVT249725,CSTM1094,Purchase,2025-05-15,InPerson,1
EVT618993,CSTM1094,EmailOpen,2025-09-19,Phone,8
EVT485781,CSTM1095,EmailOpen,2025-08-02,Phone,9
EVT471687,CSTM1095,Meeting,2025-06-05,App,2
EVT473410,CSTM1095,Meeting,2025-08-22,Phone,2
EVT790641,CSTM1095,Meeting,2025-07-25,Phone,6
EVT663508,CSTM1095,SiteVisit,2025-08-25,Web,4
EVT526976,CSTM1095,SupportTicket,2025-09-18,Phone,9
EVT250534,CSTM1095,Meeting,2025-08-14,InPerson,7
EVT671238,CSTM1095,EmailOpen,2025-07-09,App,2
EVT498825,CSTM1095,Meeting,2025-05-12,Email,7
EVT997691,CSTM1095,EmailOpen,2025-08-18,InPerson,4
EVT830351,CSTM1095,SiteVisit,2025-03-24,Web,7
EVT354870,CSTM1095,Purchase,2025-09-20,Phone,3
EVT490447,CSTM1096,SiteVisit,2025-01-09,Email,9
EVT951563,CSTM1096,Call,2025-03-19,Web,8
EVT887646,CSTM1096,SiteVisit,2025-03-15,Web,5
EVT571022,CSTM1096,Purchase,2025-05-03,Phone,3
EVT760501,CSTM1096,EmailOpen,2025-10-13,Email,2
EVT409963,CSTM1096,Purchase,2025-09-15,Web,8
EVT985114,CSTM1096,SiteVisit,2025-08-09,Email,2
EVT490857,CSTM1096,Call,2025-08-13,App,6
EVT549541,CSTM1096,EmailOpen,2025-04-21,App,3
EVT909216,CSTM1096,Meeting,2025-06-04,Email,8
EVT303460,CSTM1096,EmailOpen,2025-10-15,Email,2
EVT230466,CSTM1097,Purchase,2025-03-28,App,6
EVT511377,CSTM1097,SupportTicket,2025-03-25,InPerson,7
EVT722561,CSTM1097,EmailClick,2025-06-01,Web,8
EVT463170,CSTM1097,Meeting,2025-08-23,App,8
EVT390655,CSTM1097,Call,2025-02-03,Email,1
EVT990733,CSTM1097,Call,2025-06-24,App,9
EVT726652,CSTM1097,Call,2025-04-23,Phone,5
EVT111017,CSTM1097,Call,2025-07-16,Web,9
EVT509664,CSTM1097,EmailOpen,2025-05-21,Phone,9
EVT135010,CSTM1097,Call,2025-08-21,Phone,9
EVT786296,CSTM1098,Meeting,2025-06-26,InPerson,7
EVT978809,CSTM1098,EmailOpen,2025-02-22,Email,8
EVT731581,CSTM1099,Call,2025-09-10,Web,4
EVT528886,CSTM1099,SiteVisit,2025-08-23,App,8
EVT890073,CSTM1099,Meeting,2025-08-13,Web,7
EVT852255,CSTM1099,EmailOpen,2025-01-07,Phone,8
EVT964609,CSTM1099,Purchase,2025-08-21,InPerson,9
EVT156747,CSTM1099,EmailClick,2025-06-01,App,2
EVT192091,CSTM1099,SiteVisit,2025-10-11,Email,4
EVT375478,CSTM1100,Purchase,2025-05-20,Web,9
EVT766220,CSTM1100,SupportTicket,2025-03-26,Phone,6
EVT198971,CSTM1100,Call,2025-05-21,Web,3
EVT710278,CSTM1100,Meeting,2025-02-16,Web,7
EVT889622,CSTM1100,Call,2025-02-06,Email,4
EVT998336,CSTM1100,Call,2025-04-01,Phone,8
EVT602394,CSTM1100,Meeting,2025-03-05,Phone,4
EVT924464,CSTM1100,Call,2025-01-16,App,9
EVT847097,CSTM1100,EmailClick,2025-04-10,InPerson,7
EVT882920,CSTM1100,EmailClick,2025-03-20,InPerson,9
EVT661669,CSTM1100,Purchase,2025-04-13,Web,4
EVT388997,CSTM1101,Call,2025-08-14,Email,5
EVT267567,CSTM1101,Meeting,2025-07-29,Phone,4
EVT712766,CSTM1101,Purchase,2025-03-27,Email,5
EVT919781,CSTM1101,Call,2025-04-02,App,7
EVT724860,CSTM1102,SiteVisit,2025-07-06,Web,4
EVT994285,CSTM1102,Call,2025-06-28,Phone,2
EVT442176,CSTM1102,EmailOpen,2025-04-14,InPerson,2
EVT199270,CSTM1102,EmailOpen,2025-08-30,Email,3
EVT617537,CSTM1102,Purchase,2025-07-31,InPerson,1
EVT250635,CSTM1102,SiteVisit,2025-02-14,Web,1
EVT957759,CSTM1102,SupportTicket,2025-08-16,Web,9
EVT313678,CSTM1102,Purchase,2025-07-09,App,1
EVT272903,CSTM1102,SiteVisit,2025-08-20,App,8
EVT405745,CSTM1102,SiteVisit,2025-10-02,Web,6
EVT375345,CSTM1103,SiteVisit,2025-08-28,Web,7
EVT525840,CSTM1103,Call,2025-06-26,Phone,7
EVT112336,CSTM1103,Purchase,2025-05-09,App,4
EVT948182,CSTM1103,EmailOpen,2025-01-24,Phone,1
EVT114429,CSTM1103,Call,2025-04-03,Phone,8
EVT431080,CSTM1103,EmailOpen,2025-01-11,InPerson,4
EVT528472,CSTM1103,EmailClick,2025-08-08,Web,5
EVT467968,CSTM1103,SupportTicket,2025-03-21,Web,2
EVT851690,CSTM1103,Meeting,2025-01-15,InPerson,2
EVT666694,CSTM1104,EmailOpen,2025-01-16,Email,5
EVT267442,CSTM1104,EmailOpen,2025-05-04,App,5
EVT819831,CSTM1104,EmailClick,2025-07-22,Phone,7
EVT300658,CSTM1104,Call,2025-04-13,App,7
EVT269746,CSTM1104,Call,2025-07-13,Email,9
EVT290043,CSTM1104,SiteVisit,2025-06-14,Email,9
EVT334622,CSTM1104,Call,2025-08-13,Phone,1
EVT787810,CSTM1104,Meeting,2025-02-21,Web,1
EVT168515,CSTM1104,Purchase,2025-04-03,App,1
EVT945308,CSTM1104,EmailOpen,2025-03-27,App,4
EVT715429,CSTM1104,Call,2025-06-13,App,6
EVT952633,CSTM1104,Call,2025-03-30,InPerson,1
EVT763779,CSTM1104,Call,2025-09-27,InPerson,8
EVT147456,CSTM1104,Purchase,2025-10-02,InPerson,2
EVT499472,CSTM1105,SiteVisit,2025-02-15,Email,5
EVT665836,CSTM1105,Meeting,2025-08-06,Web,3
EVT912002,CSTM1105,EmailClick,2025-04-04,InPerson,1
EVT758772,CSTM1105,Call,2025-06-26,InPerson,9
EVT579969,CSTM1105,EmailOpen,2025-05-01,Web,6
EVT934507,CSTM1105,EmailClick,2025-08-04,Web,9
EVT993061,CSTM1105,Call,2025-08-25,Phone,6
EVT455992,CSTM1106,SiteVisit,2025-03-29,Phone,8
EVT263543,CSTM1106,EmailOpen,2025-02-20,App,6
EVT899458,CSTM1106,SiteVisit,2025-09-03,InPerson,4
EVT382533,CSTM1106,Call,2025-07-23,Phone,2
EVT629862,CSTM1106,SiteVisit,2025-02-08,InPerson,1
EVT160561,CSTM1106,Purchase,2025-05-21,Email,7
EVT947848,CSTM1106,SiteVisit,2025-09-10,Phone,6
EVT912802,CSTM1106,Call,2025-09-28,Web,8
EVT951726,CSTM1106,EmailClick,2025-07-22,InPerson,6
EVT502993,CSTM1106,SiteVisit,2025-02-26,Phone,2
EVT567543,CSTM1107,SiteVisit,2025-04-15,InPerson,2
EVT610790,CSTM1107,EmailClick,2025-02-12,Phone,5
EVT178113,CSTM1107,SiteVisit,2025-03-06,Web,2
EVT590643,CSTM1107,Meeting,2025-08-01,App,8
EVT185395,CSTM1107,EmailOpen,2025-10-05,Email,8
EVT190135,CSTM1108,SupportTicket,2025-07-22,App,8
EVT217399,CSTM1108,SupportTicket,2025-07-24,Phone,6
EVT229344,CSTM1108,EmailClick,2025-08-26,Web,3
EVT271172,CSTM1108,SiteVisit,2025-01-29,Phone,3
EVT496474,CSTM1108,SupportTicket,2025-05-18,InPerson,3
EVT873372,CSTM1109,SupportTicket,2025-02-25,Phone,1
EVT964631,CSTM1109,Meeting,2025-06-07,InPerson,9
EVT496848,CSTM1110,Meeting,2025-04-20,InPerson,5
EVT641228,CSTM1110,EmailOpen,2025-06-17,Email,6
EVT160107,CSTM1110,EmailOpen,2025-05-26,Email,6
EVT246479,CSTM1110,SiteVisit,2025-07-30,App,1
EVT886918,CSTM1110,SupportTicket,2025-02-06,App,1
EVT326009,CSTM1110,Meeting,2025-07-11,App,1
EVT670141,CSTM1110,SiteVisit,2025-03-07,InPerson,2
EVT590391,CSTM1111,EmailOpen,2025-07-21,App,4
EVT832760,CSTM1111,EmailOpen,2025-03-18,App,8
EVT201551,CSTM1111,EmailOpen,2025-07-13,Web,9
EVT681154,CSTM1111,SupportTicket,2025-01-28,App,1
EVT315432,CSTM1111,EmailOpen,2025-02-11,Web,9
EVT830617,CSTM1111,Call,2025-04-15,Email,7
EVT694487,CSTM1111,EmailOpen,2025-03-12,Email,9
EVT889694,CSTM1111,SiteVisit,2025-06-11,App,1
EVT450002,CSTM1111,Call,2025-08-13,App,2
EVT463581,CSTM1111,Purchase,2025-06-18,InPerson,4
EVT933358,CSTM1111,EmailClick,2025-09-02,InPerson,5
EVT294243,CSTM1111,Call,2025-01-28,InPerson,3
EVT658180,CSTM1112,SiteVisit,2025-08-18,Phone,7
EVT423860,CSTM1112,SiteVisit,2025-09-14,InPerson,4
EVT181238,CSTM1112,Purchase,2025-05-18,InPerson,1
EVT978908,CSTM1112,EmailClick,2025-08-19,InPerson,1
EVT637732,CSTM1112,SiteVisit,2025-01-01,Email,7
EVT719114,CSTM1112,EmailOpen,2025-04-19,Phone,3
EVT398303,CSTM1112,Meeting,2025-05-03,Email,8
EVT368602,CSTM1112,EmailOpen,2025-07-24,Email,4
EVT510568,CSTM1112,SiteVisit,2025-02-17,Email,4
EVT969241,CSTM1113,SupportTicket,2025-02-23,Email,6
EVT545899,CSTM1113,SiteVisit,2025-08-03,Web,6
EVT398113,CSTM1113,EmailOpen,2025-08-30,Phone,1
EVT657639,CSTM1113,Purchase,2025-09-02,App,5
EVT529385,CSTM1113,Purchase,2025-01-08,Phone,3
EVT190410,CSTM1114,Purchase,2025-05-19,App,2
EVT365033,CSTM1114,Meeting,2025-06-27,Email,3
EVT208073,CSTM1114,EmailClick,2025-06-08,App,6
EVT942329,CSTM1114,SiteVisit,2025-07-15,Email,3
EVT590224,CSTM1114,EmailOpen,2025-06-28,App,9
EVT531231,CSTM1114,SiteVisit,2025-04-14,Email,3
EVT425145,CSTM1114,EmailClick,2025-06-08,InPerson,7
EVT992737,CSTM1115,EmailClick,2025-08-05,Email,3
EVT748140,CSTM1115,Meeting,2025-06-18,Phone,8
EVT905983,CSTM1115,SiteVisit,2025-04-22,Phone,5
EVT159072,CSTM1115,EmailClick,2025-04-15,InPerson,3
EVT107086,CSTM1115,Purchase,2025-05-18,InPerson,1
EVT863210,CSTM1115,SiteVisit,2025-06-12,Web,2
EVT196494,CSTM1115,Meeting,2025-01-20,Email,6
EVT388569,CSTM1115,EmailOpen,2025-01-31,Phone,2
EVT731036,CSTM1115,EmailOpen,2025-10-08,InPerson,8
EVT755362,CSTM1115,EmailClick,2025-08-11,Email,4
EVT833682,CSTM1115,SiteVisit,2025-05-22,App,5
EVT109491,CSTM1115,EmailClick,2025-05-19,Web,4
EVT991907,CSTM1115,Purchase,2025-05-16,InPerson,5
EVT128876,CSTM1115,Call,2025-05-19,InPerson,9
EVT352313,CSTM1116,EmailClick,2025-09-13,App,7
EVT589170,CSTM1116,SiteVisit,2025-10-02,App,5
EVT726441,CSTM1116,Meeting,2025-03-07,App,9
EVT468781,CSTM1116,Call,2025-08-13,InPerson,1
EVT222013,CSTM1116,EmailOpen,2025-06-01,Web,2
EVT703359,CSTM1116,Purchase,2025-07-28,InPerson,3
EVT367531,CSTM1116,SupportTicket,2025-05-05,Web,5
EVT526941,CSTM1116,Purchase,2025-06-26,Web,6
EVT488026,CSTM1116,Purchase,2025-10-13,Phone,7
EVT619904,CSTM1116,SupportTicket,2025-07-25,InPerson,6
EVT248395,CSTM1116,SiteVisit,2025-09-06,Email,4
EVT802290,CSTM1116,EmailOpen,2025-03-29,InPerson,1
EVT179944,CSTM1116,SupportTicket,2025-10-08,App,7
EVT112120,CSTM1116,SupportTicket,2025-03-02,App,4
EVT651616,CSTM1117,EmailClick,2025-09-28,InPerson,2
EVT927401,CSTM1117,EmailClick,2025-03-08,Email,9
EVT754282,CSTM1117,SupportTicket,2025-10-10,Web,9
EVT560258,CSTM1117,SupportTicket,2025-09-28,InPerson,4
EVT604136,CSTM1117,SupportTicket,2025-05-11,Phone,2
EVT585654,CSTM1117,EmailOpen,2025-01-23,Email,3
EVT695152,CSTM1117,Call,2025-02-21,Email,2
EVT570066,CSTM1117,Meeting,2025-07-10,App,4
EVT652355,CSTM1117,EmailOpen,2025-06-01,Email,4
EVT732829,CSTM1117,Call,2025-05-28,InPerson,2
EVT728203,CSTM1117,EmailOpen,2025-04-04,InPerson,9
EVT236984,CSTM1117,SiteVisit,2025-09-25,Email,2
EVT967838,CSTM1117,SiteVisit,2025-07-09,InPerson,1
EVT568224,CSTM1117,EmailOpen,2025-01-14,Web,8
EVT885890,CSTM1118,SiteVisit,2025-04-15,Email,6
EVT606289,CSTM1118,SupportTicket,2025-04-04,Phone,1
EVT771064,CSTM1118,Purchase,2025-07-05,Phone,8
EVT645974,CSTM1118,EmailClick,2025-04-21,Phone,2
EVT863977,CSTM1118,EmailOpen,2025-10-10,Email,8
EVT639203,CSTM1118,Purchase,2025-01-23,App,1
EVT948607,CSTM1119,SupportTicket,2025-03-04,Phone,1
EVT787318,CSTM1119,EmailClick,2025-04-13,InPerson,2
EVT269708,CSTM1119,Call,2025-06-01,Web,6
EVT676265,CSTM1119,EmailOpen,2025-01-15,InPerson,9
EVT722207,CSTM1119,Call,2025-02-21,Email,5
EVT861262,CSTM1120,EmailClick,2025-07-29,Email,6
EVT137067,CSTM1120,EmailClick,2025-04-14,InPerson,7
EVT945075,CSTM1120,EmailClick,2025-02-23,Phone,9
EVT693391,CSTM1120,Purchase,2025-09-23,InPerson,5
EVT602850,CSTM1120,SiteVisit,2025-04-29,App,4
EVT635607,CSTM1120,EmailClick,2025-04-11,Email,7
EVT853772,CSTM1120,EmailOpen,2025-04-02,InPerson,6
EVT363389,CSTM1120,Meeting,2025-08-06,Email,9
EVT332298,CSTM1120,Meeting,2025-03-03,Phone,8
EVT417798,CSTM1120,Meeting,2025-01-30,Phone,9
EVT564710,CSTM1120,Meeting,2025-09-22,Phone,3
EVT163295,CSTM1120,Call,2025-10-04,Phone,9
EVT621998,CSTM1120,Meeting,2025-06-12,App,5
EVT951379,CSTM1120,Call,2025-10-15,InPerson,5
EVT491758,CSTM1121,SupportTicket,2025-07-11,Web,6
EVT618728,CSTM1121,Call,2025-09-01,Phone,6
EVT269169,CSTM1121,Call,2025-01-26,Web,9
EVT824276,CSTM1121,SupportTicket,2025-05-03,InPerson,8
EVT546476,CSTM1121,SupportTicket,2025-09-10,Web,3
EVT913177,CSTM1121,EmailOpen,2025-05-29,Phone,8
EVT440459,CSTM1121,SiteVisit,2025-03-23,App,1
EVT335068,CSTM1122,EmailClick,2025-02-13,InPerson,9
EVT111009,CSTM1122,SiteVisit,2025-04-21,Email,6
EVT426754,CSTM1122,EmailOpen,2025-10-09,Phone,6
EVT711516,CSTM1122,SupportTicket,2025-09-14,Web,7
EVT934212,CSTM1122,Meeting,2025-07-15,Phone,3
EVT359405,CSTM1123,Purchase,2025-05-18,Web,5
EVT711526,CSTM1123,Meeting,2025-08-11,InPerson,7
EVT615631,CSTM1123,EmailOpen,2025-01-23,Email,4
EVT415594,CSTM1123,EmailOpen,2025-10-10,Email,4
EVT231832,CSTM1123,Purchase,2025-02-16,App,6
EVT408444,CSTM1123,SupportTicket,2025-10-07,InPerson,1
EVT771223,CSTM1123,SiteVisit,2025-02-15,Email,7
EVT185001,CSTM1123,SiteVisit,2025-05-04,InPerson,9
EVT256089,CSTM1123,Meeting,2025-09-27,Phone,8
EVT521655,CSTM1124,EmailClick,2025-04-24,Web,7
EVT361401,CSTM1124,EmailOpen,2025-07-26,InPerson,9
EVT967050,CSTM1124,EmailClick,2025-09-14,Web,1
EVT965847,CSTM1124,EmailOpen,2025-06-13,App,9
EVT512106,CSTM1124,EmailOpen,2025-05-19,App,6
EVT735861,CSTM1124,EmailOpen,2025-02-25,Web,2
EVT162894,CSTM1124,SupportTicket,2025-05-08,Phone,4
EVT938569,CSTM1124,SiteVisit,2025-10-15,Phone,1
EVT853036,CSTM1125,Meeting,2025-03-01,Email,6
EVT571449,CSTM1125,EmailOpen,2025-01-25,InPerson,1
EVT817368,CSTM1125,SiteVisit,2025-06-07,Email,8
EVT958379,CSTM1125,Meeting,2025-03-06,Email,1
EVT952224,CSTM1125,EmailOpen,2025-10-08,Phone,3
EVT576818,CSTM1125,SiteVisit,2025-02-18,App,2
EVT704091,CSTM1126,EmailClick,2025-05-25,App,1
EVT350699,CSTM1126,EmailOpen,2025-02-18,Phone,3
EVT990936,CSTM1126,SiteVisit,2025-02-12,Email,2
EVT953161,CSTM1127,SiteVisit,2025-02-15,Web,7
EVT305591,CSTM1127,Purchase,2025-05-28,Phone,1
EVT897783,CSTM1127,SupportTicket,2025-03-29,InPerson,1
EVT457851,CSTM1127,Meeting,2025-03-30,Web,6
EVT588121,CSTM1127,EmailClick,2025-03-15,InPerson,9
EVT505218,CSTM1127,SiteVisit,2025-08-25,App,7
EVT612472,CSTM1128,SiteVisit,2025-09-04,InPerson,4
EVT378910,CSTM1128,SiteVisit,2025-04-29,Web,3
EVT527562,CSTM1128,Meeting,2025-04-27,Web,5
EVT484546,CSTM1128,SiteVisit,2025-04-23,App,9
EVT431922,CSTM1128,Purchase,2025-08-16,App,6
EVT392926,CSTM1129,Meeting,2025-02-27,Email,4
EVT789317,CSTM1129,EmailOpen,2025-06-17,Email,2
EVT984807,CSTM1129,EmailOpen,2025-04-16,Phone,9
EVT948883,CSTM1129,EmailClick,2025-07-14,Email,3
EVT583157,CSTM1129,Purchase,2025-02-23,Phone,2
EVT834750,CSTM1129,EmailOpen,2025-08-30,Web,1
EVT618534,CSTM1129,Call,2025-09-11,App,5
EVT583791,CSTM1129,EmailOpen,2025-04-17,Web,6
EVT131568,CSTM1130,Call,2025-02-19,App,4
EVT863043,CSTM1130,SiteVisit,2025-02-28,Email,1
EVT892515,CSTM1130,SiteVisit,2025-03-31,InPerson,1
EVT747122,CSTM1130,SiteVisit,2025-01-21,Phone,4
EVT820892,CSTM1130,EmailOpen,2025-03-08,Phone,8
EVT360123,CSTM1130,SiteVisit,2025-03-09,Web,5
EVT309486,CSTM1130,EmailOpen,2025-09-17,Web,8
EVT492977,CSTM1130,EmailClick,2025-01-23,App,1
EVT926434,CSTM1130,EmailClick,2025-05-11,App,9
EVT961148,CSTM1130,Call,2025-04-10,InPerson,1
EVT925329,CSTM1130,Call,2025-09-27,Web,7
EVT794934,CSTM1130,EmailOpen,2025-08-21,App,5
EVT760601,CSTM1131,EmailClick,2025-02-10,Web,9
EVT638606,CSTM1131,EmailClick,2025-01-29,Web,1
EVT570076,CSTM1131,EmailClick,2025-09-01,Email,6
EVT442059,CSTM1131,SiteVisit,2025-05-22,App,6
EVT766469,CSTM1131,Call,2025-02-24,Email,5
EVT613694,CSTM1131,SupportTicket,2025-07-17,Email,1
EVT556243,CSTM1131,Call,2025-07-24,Phone,9
EVT986146,CSTM1131,EmailOpen,2025-03-18,InPerson,2
EVT720140,CSTM1131,SiteVisit,2025-03-28,Email,2
EVT385815,CSTM1131,Call,2025-09-05,InPerson,7
EVT419957,CSTM1131,Call,2025-07-10,InPerson,2
EVT967424,CSTM1132,SupportTicket,2025-09-20,InPerson,8
EVT657985,CSTM1132,Purchase,2025-05-12,Email,5
EVT484793,CSTM1132,Call,2025-05-02,Phone,1
EVT159155,CSTM1132,EmailClick,2025-07-19,App,7
EVT379934,CSTM1132,Meeting,2025-09-05,Phone,4
EVT947883,CSTM1132,Meeting,2025-02-11,Email,3
EVT933160,CSTM1132,Call,2025-04-25,Phone,3
EVT831616,CSTM1132,EmailClick,2025-08-14,Email,2
EVT201999,CSTM1132,EmailOpen,2025-07-18,Web,9
EVT546880,CSTM1133,SupportTicket,2025-07-22,App,7
EVT584137,CSTM1133,SupportTicket,2025-03-13,Email,9
EVT333746,CSTM1133,Call,2025-09-15,Phone,9
EVT331749,CSTM1133,SiteVisit,2025-08-09,Email,6
EVT331773,CSTM1133,Call,2025-07-15,Web,2
EVT497751,CSTM1133,Call,2025-06-03,Email,5
EVT768640,CSTM1133,SiteVisit,2025-05-01,InPerson,6
EVT554623,CSTM1134,EmailClick,2025-04-20,App,8
EVT699608,CSTM1134,SupportTicket,2025-02-01,Phone,3
EVT373363,CSTM1134,Call,2025-04-26,Email,4
EVT389194,CSTM1134,Purchase,2025-05-05,InPerson,1
EVT332084,CSTM1134,Meeting,2025-10-02,Email,9
EVT661424,CSTM1134,SiteVisit,2025-10-10,App,8
EVT802076,CSTM1134,SiteVisit,2025-07-27,Email,6
EVT354394,CSTM1134,SupportTicket,2025-01-05,Email,2
EVT362530,CSTM1134,EmailClick,2025-05-16,Phone,5
EVT317767,CSTM1134,EmailOpen,2025-07-02,Phone,5
EVT680206,CSTM1134,EmailClick,2025-04-05,Email,7
EVT932234,CSTM1135,EmailClick,2025-05-15,Email,6
EVT796314,CSTM1135,EmailOpen,2025-05-30,App,1
EVT222431,CSTM1135,Purchase,2025-08-17,App,8
EVT912804,CSTM1135,EmailOpen,2025-07-03,Web,3
EVT129048,CSTM1135,Call,2025-02-02,InPerson,9
EVT334417,CSTM1135,EmailOpen,2025-07-29,Web,4
EVT936624,CSTM1135,SiteVisit,2025-06-22,Web,5
EVT846470,CSTM1136,EmailClick,2025-01-23,App,7
EVT846633,CSTM1136,SiteVisit,2025-02-23,Email,2
EVT115588,CSTM1136,EmailOpen,2025-07-02,Email,7
EVT630992,CSTM1136,EmailClick,2025-04-10,Phone,8
EVT481050,CSTM1137,EmailOpen,2025-09-02,App,8
EVT429408,CSTM1137,Meeting,2025-02-28,InPerson,5
EVT895772,CSTM1137,EmailOpen,2025-04-05,App,5
EVT492776,CSTM1138,Call,2025-01-30,Web,5
EVT606767,CSTM1138,SiteVisit,2025-09-23,App,8
EVT322071,CSTM1139,SiteVisit,2025-07-29,Phone,1
EVT461732,CSTM1139,EmailOpen,2025-06-06,Web,3
EVT773954,CSTM1139,Call,2025-08-16,Web,7
EVT107032,CSTM1139,EmailOpen,2025-08-08,Web,4
EVT679552,CSTM1139,Call,2025-05-23,Web,4
EVT461548,CSTM1139,Purchase,2025-03-25,App,7
EVT114439,CSTM1139,EmailOpen,2025-09-27,InPerson,3
EVT863445,CSTM1139,Meeting,2025-06-24,Web,9
EVT223980,CSTM1139,SiteVisit,2025-02-22,InPerson,6
EVT847358,CSTM1139,Purchase,2025-04-22,Web,6
EVT319073,CSTM1139,SiteVisit,2025-08-06,App,3
EVT825010,CSTM1139,EmailOpen,2025-05-04,App,2
EVT867023,CSTM1140,SiteVisit,2025-02-07,Email,7
EVT527195,CSTM1140,SiteVisit,2025-04-17,InPerson,8
EVT450041,CSTM1140,EmailClick,2025-05-17,App,5
EVT769242,CSTM1140,Meeting,2025-03-31,InPerson,5
EVT588409,CSTM1140,SupportTicket,2025-02-25,Web,2
EVT301587,CSTM1140,Meeting,2025-10-08,Phone,1
EVT655656,CSTM1140,SupportTicket,2025-09-06,InPerson,6
EVT461788,CSTM1140,Call,2025-06-19,Email,2
EVT740337,CSTM1140,EmailOpen,2025-03-11,App,7
EVT774502,CSTM1141,Call,2025-07-07,Web,9
EVT223182,CSTM1141,EmailClick,2025-09-26,App,6
EVT783524,CSTM1141,EmailClick,2025-10-12,Phone,3
EVT451814,CSTM1141,Meeting,2025-04-11,App,2
EVT370151,CSTM1141,EmailClick,2025-07-17,InPerson,8
EVT970061,CSTM1141,SiteVisit,2025-01-07,App,5
EVT624154,CSTM1141,SiteVisit,2025-09-14,InPerson,1
EVT381833,CSTM1141,Call,2025-09-17,InPerson,9
EVT811451,CSTM1141,Purchase,2025-08-15,Email,7
EVT411776,CSTM1141,EmailOpen,2025-09-11,App,9
EVT233964,CSTM1141,EmailClick,2025-08-22,App,5
EVT351227,CSTM1141,SupportTicket,2025-06-08,InPerson,3
EVT611984,CSTM1142,Call,2025-08-19,Phone,1
EVT881879,CSTM1142,SiteVisit,2025-08-05,Web,2
EVT768778,CSTM1142,Call,2025-08-23,Phone,1
EVT869606,CSTM1142,Meeting,2025-08-14,App,3
EVT112834,CSTM1142,EmailOpen,2025-03-17,InPerson,9
EVT898127,CSTM1142,EmailClick,2025-01-25,Phone,4
EVT746132,CSTM1142,EmailOpen,2025-06-15,Email,3
EVT479989,CSTM1142,Call,2025-08-17,Email,9
EVT154796,CSTM1142,EmailOpen,2025-09-07,Phone,8
EVT837996,CSTM1142,Call,2025-04-21,Web,6
EVT615729,CSTM1142,EmailOpen,2025-05-24,InPerson,9
EVT454182,CSTM1143,Meeting,2025-08-21,Web,5
EVT919433,CSTM1143,SiteVisit,2025-07-13,App,8
EVT999574,CSTM1143,EmailOpen,2025-04-17,Phone,8
EVT690555,CSTM1143,Purchase,2025-07-04,Phone,2
EVT387555,CSTM1143,SiteVisit,2025-05-26,Phone,8
EVT151690,CSTM1143,Meeting,2025-03-05,Web,1
EVT834158,CSTM1143,SiteVisit,2025-07-13,Phone,4
EVT978584,CSTM1143,EmailOpen,2025-01-04,Phone,1
EVT625403,CSTM1143,Call,2025-08-04,App,6
EVT274698,CSTM1143,Purchase,2025-07-26,App,1
EVT128834,CSTM1143,SiteVisit,2025-09-04,Web,7
EVT792019,CSTM1144,SiteVisit,2025-01-21,Email,3
EVT987766,CSTM1144,SupportTicket,2025-02-24,InPerson,1
EVT386543,CSTM1144,Meeting,2025-08-31,InPerson,8
EVT184106,CSTM1144,SiteVisit,2025-02-07,Email,7
EVT710864,CSTM1144,EmailClick,2025-01-01,App,7
EVT192508,CSTM1144,SiteVisit,2025-08-23,Email,7
EVT722672,CSTM1144,EmailClick,2025-02-20,Email,2
EVT641428,CSTM1144,Meeting,2025-06-04,Email,4
EVT770051,CSTM1144,Meeting,2025-05-22,App,8
EVT346661,CSTM1144,SiteVisit,2025-03-20,Web,6
EVT174191,CSTM1144,EmailOpen,2025-07-26,Phone,6
EVT366152,CSTM1144,EmailOpen,2025-04-15,Email,8
EVT385356,CSTM1144,Call,2025-08-24,Phone,7
EVT216481,CSTM1144,Purchase,2025-06-06,Phone,8
EVT261637,CSTM1145,SiteVisit,2025-05-11,Phone,7
EVT174489,CSTM1145,Meeting,2025-06-20,InPerson,8
EVT956899,CSTM1145,SupportTicket,2025-09-01,InPerson,5
EVT522397,CSTM1145,EmailOpen,2025-02-24,Phone,3
EVT609220,CSTM1145,Purchase,2025-06-03,Web,5
EVT653218,CSTM1145,Purchase,2025-06-07,Web,7
EVT511512,CSTM1145,SiteVisit,2025-02-18,Email,6
EVT608898,CSTM1146,Call,2025-08-09,InPerson,3
EVT949333,CSTM1146,Call,2025-03-02,Email,6
EVT469355,CSTM1146,Call,2025-05-29,Phone,9
EVT955938,CSTM1146,EmailClick,2025-07-13,InPerson,7
EVT465208,CSTM1146,Meeting,2025-09-06,Phone,1
EVT726679,CSTM1146,Call,2025-06-03,InPerson,4
EVT746231,CSTM1147,Call,2025-01-02,Phone,9
EVT842147,CSTM1147,SupportTicket,2025-03-19,InPerson,3
EVT408213,CSTM1147,SiteVisit,2025-08-24,Phone,6
EVT228501,CSTM1147,SiteVisit,2025-01-31,App,7
EVT251967,CSTM1147,SupportTicket,2025-05-11,App,9
EVT295428,CSTM1147,EmailOpen,2025-06-11,App,8
EVT909797,CSTM1147,EmailOpen,2025-03-12,InPerson,2
EVT212105,CSTM1147,Meeting,2025-08-31,Email,5
EVT139767,CSTM1147,SupportTicket,2025-03-23,Phone,7
EVT751712,CSTM1147,EmailClick,2025-05-25,Phone,3
EVT816861,CSTM1147,SupportTicket,2025-02-02,Web,1
EVT429205,CSTM1147,EmailOpen,2025-03-17,Email,9
EVT175582,CSTM1147,Call,2025-02-01,App,1
EVT568163,CSTM1147,Call,2025-05-16,InPerson,7
EVT589987,CSTM1148,Purchase,2025-06-29,Web,5
EVT448737,CSTM1148,SiteVisit,2025-04-15,Email,1
EVT767478,CSTM1148,SiteVisit,2025-09-07,Phone,1
EVT453857,CSTM1148,Call,2025-10-09,Email,6
EVT759297,CSTM1148,Meeting,2025-07-05,Phone,9
EVT689306,CSTM1148,EmailOpen,2025-08-03,Email,2
EVT957906,CSTM1148,Purchase,2025-02-17,Phone,4
EVT642613,CSTM1148,SiteVisit,2025-09-03,InPerson,6
EVT232915,CSTM1149,SiteVisit,2025-09-16,InPerson,1
EVT329707,CSTM1149,SiteVisit,2025-08-23,Web,4
EVT669798,CSTM1149,Purchase,2025-06-05,Email,4
EVT971217,CSTM1149,SiteVisit,2025-09-02,Web,1
EVT247733,CSTM1149,EmailClick,2025-04-20,Phone,7
EVT731186,CSTM1149,EmailOpen,2025-03-14,Email,2
EVT180522,CSTM1149,Purchase,2025-03-26,InPerson,9
EVT192889,CSTM1149,SupportTicket,2025-05-03,InPerson,3
EVT843681,CSTM1149,Call,2025-07-23,App,4
EVT229466,CSTM1149,SiteVisit,2025-05-13,Email,6
EVT645999,CSTM1149,EmailOpen,2025-05-18,Phone,3
EVT597981,CSTM1150,Purchase,2025-05-14,Phone,6
EVT155162,CSTM1150,Purchase,2025-07-10,Email,3
EVT612871,CSTM1150,SupportTicket,2025-05-12,Web,4
EVT503273,CSTM1150,SupportTicket,2025-04-09,Web,5
EVT920449,CSTM1150,SiteVisit,2025-01-19,Email,9
EVT491342,CSTM1150,EmailOpen,2025-03-22,Web,3
EVT402865,CSTM1150,EmailOpen,2025-03-09,Web,7
EVT758299,CSTM1150,Purchase,2025-04-29,Email,8
EVT471178,CSTM1150,EmailOpen,2025-02-20,Email,7
EVT577432,CSTM1150,EmailOpen,2025-07-11,App,5
EVT521280,CSTM1150,SiteVisit,2025-09-25,Email,6
EVT130653,CSTM1151,EmailClick,2025-07-29,App,8
EVT645669,CSTM1151,EmailOpen,2025-03-21,Email,2
EVT149892,CSTM1152,Meeting,2025-01-13,Email,1
EVT888326,CSTM1152,EmailOpen,2025-08-05,InPerson,7
EVT849980,CSTM1152,Call,2025-03-21,Email,4
EVT469775,CSTM1152,Call,2025-10-09,InPerson,5
EVT553116,CSTM1152,EmailOpen,2025-02-27,App,3
EVT280160,CSTM1152,EmailOpen,2025-09-28,Email,6
EVT584046,CSTM1153,EmailClick,2025-06-29,Email,5
EVT326301,CSTM1153,Meeting,2025-02-28,InPerson,6
EVT904066,CSTM1153,Meeting,2025-10-01,Phone,8
EVT912353,CSTM1153,SiteVisit,2025-10-07,App,3
EVT435830,CSTM1153,Purchase,2025-06-29,InPerson,2
EVT678979,CSTM1153,SiteVisit,2025-09-01,Phone,8
EVT411207,CSTM1153,EmailOpen,2025-09-30,App,8
EVT565054,CSTM1153,SiteVisit,2025-05-06,InPerson,3
EVT685894,CSTM1153,Call,2025-03-15,App,9
EVT349465,CSTM1153,EmailOpen,2025-07-01,App,9
EVT969559,CSTM1153,SiteVisit,2025-06-25,Email,1
EVT187695,CSTM1153,Meeting,2025-09-22,Phone,3
EVT581995,CSTM1154,Purchase,2025-05-05,Phone,5
EVT505041,CSTM1154,Meeting,2025-01-20,App,5
EVT970139,CSTM1154,SupportTicket,2025-09-10,Web,8
EVT173601,CSTM1154,EmailClick,2025-02-23,App,7
EVT108328,CSTM1154,SiteVisit,2025-04-16,App,1
EVT796101,CSTM1154,Purchase,2025-05-30,Web,3
EVT455706,CSTM1154,EmailClick,2025-06-19,App,2
EVT834459,CSTM1154,EmailClick,2025-05-02,Email,4
EVT181991,CSTM1154,SiteVisit,2025-10-07,App,5
EVT191627,CSTM1154,Call,2025-06-01,App,5
EVT804177,CSTM1154,SiteVisit,2025-06-19,InPerson,8
EVT311284,CSTM1154,Meeting,2025-01-17,Web,7
EVT817167,CSTM1155,SupportTicket,2025-01-31,InPerson,8
EVT195028,CSTM1155,SupportTicket,2025-04-18,Web,4
EVT362399,CSTM1155,Meeting,2025-03-15,Web,9
EVT161596,CSTM1155,EmailOpen,2025-06-30,Email,9
EVT277175,CSTM1155,EmailOpen,2025-07-11,InPerson,6
EVT340515,CSTM1155,Meeting,2025-08-01,Email,1
EVT369013,CSTM1155,EmailOpen,2025-03-12,App,4
EVT288088,CSTM1155,Meeting,2025-10-13,Web,2
EVT360705,CSTM1155,EmailOpen,2025-06-07,Web,8
EVT970822,CSTM1155,SiteVisit,2025-08-15,Phone,8
EVT438608,CSTM1155,EmailClick,2025-05-20,InPerson,6
EVT424888,CSTM1156,SiteVisit,2025-04-02,App,6
EVT129714,CSTM1156,Meeting,2025-10-07,Web,9
EVT112026,CSTM1156,Call,2025-04-22,Web,8
EVT314340,CSTM1156,SiteVisit,2025-07-10,Phone,7
EVT512028,CSTM1156,SiteVisit,2025-02-14,App,4
EVT347174,CSTM1156,SiteVisit,2025-05-14,Phone,7
EVT525658,CSTM1156,SiteVisit,2025-02-07,Web,3
EVT293242,CSTM1156,EmailOpen,2025-08-03,InPerson,8
EVT988015,CSTM1156,Meeting,2025-09-13,App,4
EVT214427,CSTM1156,EmailClick,2025-05-22,Web,4
EVT871122,CSTM1156,Call,2025-06-17,App,1
EVT562590,CSTM1156,Meeting,2025-07-24,App,8
EVT417399,CSTM1156,SiteVisit,2025-02-01,App,3
EVT818590,CSTM1157,Call,2025-05-08,Web,5
EVT966651,CSTM1157,SiteVisit,2025-02-14,App,1
EVT226599,CSTM1157,EmailClick,2025-05-22,Email,2
EVT188919,CSTM1157,Call,2025-05-15,Web,7
EVT789608,CSTM1157,Purchase,2025-05-21,Email,3
EVT799023,CSTM1158,EmailClick,2025-04-07,App,8
EVT422038,CSTM1158,Call,2025-07-01,App,5
EVT140318,CSTM1158,SiteVisit,2025-08-19,Web,6
EVT467375,CSTM1158,SiteVisit,2025-01-18,App,8
EVT548477,CSTM1158,EmailOpen,2025-04-03,Email,5
EVT491637,CSTM1158,SiteVisit,2025-01-29,InPerson,9
EVT121518,CSTM1158,EmailClick,2025-01-24,Web,5
EVT976004,CSTM1158,EmailOpen,2025-07-19,Phone,4
EVT221831,CSTM1158,SupportTicket,2025-03-02,App,1
EVT732899,CSTM1159,SiteVisit,2025-06-11,Email,7
EVT857739,CSTM1159,Call,2025-09-16,Phone,6
EVT871706,CSTM1159,Meeting,2025-08-09,App,1
EVT836661,CSTM1159,Purchase,2025-03-01,Email,5
EVT394065,CSTM1159,SiteVisit,2025-02-20,Phone,7
EVT122063,CSTM1160,SiteVisit,2025-08-24,App,2
EVT277043,CSTM1160,SiteVisit,2025-04-09,App,3
EVT710422,CSTM1160,EmailOpen,2025-03-03,Phone,8
EVT417972,CSTM1160,Call,2025-01-04,Email,7
EVT630338,CSTM1160,Call,2025-05-23,Email,5
EVT422089,CSTM1160,EmailClick,2025-07-04,App,4
EVT896747,CSTM1161,Call,2025-03-25,InPerson,5
EVT967415,CSTM1161,Call,2025-10-13,InPerson,6
EVT419118,CSTM1161,SiteVisit,2025-02-21,InPerson,1
EVT372654,CSTM1161,SiteVisit,2025-10-04,InPerson,4
EVT769142,CSTM1161,SupportTicket,2025-01-27,App,4
EVT122072,CSTM1161,SupportTicket,2025-06-30,Web,7
EVT130916,CSTM1162,EmailClick,2025-09-17,Email,9
EVT207009,CSTM1162,EmailClick,2025-09-12,Phone,5
EVT619466,CSTM1162,EmailClick,2025-07-17,InPerson,5
EVT951481,CSTM1162,EmailOpen,2025-07-31,Web,9
EVT493471,CSTM1162,EmailOpen,2025-04-10,Email,7
EVT869640,CSTM1162,SiteVisit,2025-04-15,Web,3
EVT349091,CSTM1163,Call,2025-09-16,App,5
EVT588968,CSTM1163,SiteVisit,2025-07-12,Email,3
EVT181588,CSTM1163,Meeting,2025-10-09,Phone,8
EVT362463,CSTM1163,Call,2025-08-05,Web,9
EVT590488,CSTM1163,EmailOpen,2025-07-03,Email,7
EVT544161,CSTM1163,EmailOpen,2025-05-09,InPerson,5
EVT800800,CSTM1163,SupportTicket,2025-09-10,InPerson,9
EVT224786,CSTM1163,Call,2025-09-16,InPerson,2
EVT830076,CSTM1163,EmailClick,2025-04-06,Phone,7
EVT960405,CSTM1163,Call,2025-10-02,App,1
EVT400159,CSTM1163,Purchase,2025-06-15,Web,3
EVT716842,CSTM1163,Call,2025-05-23,Web,8
EVT340740,CSTM1163,SiteVisit,2025-08-12,Email,9
EVT498455,CSTM1164,SiteVisit,2025-04-08,Email,5
EVT790034,CSTM1164,Purchase,2025-02-13,InPerson,2
EVT878492,CSTM1165,SiteVisit,2025-10-08,InPerson,7
EVT955817,CSTM1165,SupportTicket,2025-05-24,Web,3
EVT674388,CSTM1165,SiteVisit,2025-10-02,Phone,3
EVT959222,CSTM1166,EmailClick,2025-01-29,Web,4
EVT162598,CSTM1166,EmailOpen,2025-03-08,Phone,3
EVT994800,CSTM1166,SiteVisit,2025-06-05,App,7
EVT615340,CSTM1166,SupportTicket,2025-01-20,Web,1
EVT479346,CSTM1166,EmailClick,2025-01-28,App,7
EVT446407,CSTM1166,Meeting,2025-06-19,Phone,6
EVT839782,CSTM1166,Call,2025-03-31,InPerson,3
EVT138665,CSTM1167,Call,2025-08-21,Email,1
EVT788235,CSTM1167,SiteVisit,2025-08-02,Web,6
EVT365953,CSTM1168,SiteVisit,2025-04-11,Phone,5
EVT973321,CSTM1168,SupportTicket,2025-08-15,Email,5
EVT563723,CSTM1168,SiteVisit,2025-10-14,InPerson,3
EVT907856,CSTM1168,EmailClick,2025-05-01,Phone,8
EVT601503,CSTM1168,SiteVisit,2025-03-15,InPerson,8
EVT964845,CSTM1168,SiteVisit,2025-03-12,Email,8
EVT862580,CSTM1168,EmailClick,2025-01-13,Web,7
EVT518318,CSTM1168,EmailOpen,2025-09-11,Web,9
EVT823704,CSTM1168,EmailOpen,2025-03-08,Phone,5
EVT407674,CSTM1168,SiteVisit,2025-10-11,Web,4
EVT846103,CSTM1168,Meeting,2025-04-12,App,9
EVT762165,CSTM1168,EmailOpen,2025-08-23,App,5
EVT451444,CSTM1169,SupportTicket,2025-02-16,Web,6
EVT514399,CSTM1169,Purchase,2025-01-12,App,5
EVT115021,CSTM1169,Meeting,2025-03-14,InPerson,4
EVT198841,CSTM1169,EmailOpen,2025-04-26,App,3
EVT536841,CSTM1169,Meeting,2025-10-06,App,3
EVT358308,CSTM1169,Purchase,2025-07-05,Phone,4
EVT948503,CSTM1169,EmailOpen,2025-01-20,Phone,1
EVT348924,CSTM1169,Meeting,2025-02-27,InPerson,8
EVT414731,CSTM1169,EmailOpen,2025-09-19,InPerson,6
EVT266020,CSTM1169,SiteVisit,2025-01-14,Phone,7
EVT716013,CSTM1170,EmailClick,2025-06-04,Email,1
EVT103060,CSTM1170,Meeting,2025-10-03,Web,7
EVT650613,CSTM1170,EmailClick,2025-01-24,Phone,6
EVT744576,CSTM1170,Call,2025-08-04,Web,8
EVT996165,CSTM1170,SiteVisit,2025-01-27,App,7
EVT233021,CSTM1170,Meeting,2025-04-14,Email,4
EVT590913,CSTM1170,Call,2025-05-21,App,9
EVT101919,CSTM1170,EmailOpen,2025-07-13,App,3
EVT333725,CSTM1171,SiteVisit,2025-10-01,App,5
EVT449525,CSTM1171,SiteVisit,2025-06-26,Email,9
EVT734795,CSTM1171,SiteVisit,2025-03-29,App,3
EVT212557,CSTM1171,Call,2025-08-08,Web,8
EVT726549,CSTM1171,SupportTicket,2025-02-15,Web,5
EVT699067,CSTM1171,Call,2025-01-03,Phone,3
EVT297745,CSTM1171,EmailOpen,2025-06-24,Web,1
EVT284681,CSTM1171,Purchase,2025-04-19,Email,8
EVT620581,CSTM1171,Call,2025-08-18,InPerson,8
EVT484474,CSTM1171,Purchase,2025-07-15,InPerson,7
EVT776542,CSTM1171,EmailClick,2025-01-09,Email,7
EVT501336,CSTM1172,EmailOpen,2025-03-17,Web,4
EVT240721,CSTM1172,Call,2025-03-25,Web,8
EVT174280,CSTM1172,EmailOpen,2025-05-20,Phone,2
EVT457509,CSTM1172,EmailClick,2025-09-27,Email,9
EVT444543,CSTM1172,Call,2025-03-02,App,3
EVT286968,CSTM1172,EmailOpen,2025-08-28,App,9
EVT330314,CSTM1173,Call,2025-06-15,Email,7
EVT407003,CSTM1173,EmailOpen,2025-05-06,App,4
EVT881537,CSTM1173,EmailOpen,2025-04-13,Phone,4
EVT737703,CSTM1173,SupportTicket,2025-02-09,Email,2
EVT972910,CSTM1173,Purchase,2025-08-24,Email,3
EVT387062,CSTM1173,EmailClick,2025-01-22,Web,6
EVT716798,CSTM1173,Purchase,2025-05-13,Phone,4
EVT823809,CSTM1173,Call,2025-10-07,App,4
EVT662345,CSTM1173,Call,2025-08-14,Phone,7
EVT697518,CSTM1173,SiteVisit,2025-09-09,Email,5
EVT732956,CSTM1174,SupportTicket,2025-03-30,Email,7
EVT212789,CSTM1174,EmailOpen,2025-06-15,Email,4
EVT285102,CSTM1174,EmailClick,2025-08-09,App,4
EVT679835,CSTM1174,Meeting,2025-04-10,InPerson,9
EVT314601,CSTM1174,Call,2025-08-05,InPerson,3
EVT103679,CSTM1174,SupportTicket,2025-06-21,Email,3
EVT629983,CSTM1174,EmailClick,2025-06-28,InPerson,5
EVT846256,CSTM1174,SiteVisit,2025-04-19,InPerson,5
EVT383083,CSTM1174,Meeting,2025-03-20,Email,2
EVT745615,CSTM1174,EmailClick,2025-03-11,InPerson,9
EVT918902,CSTM1175,Meeting,2025-03-10,Email,9
EVT230016,CSTM1175,Purchase,2025-03-24,Web,6
EVT605349,CSTM1175,SupportTicket,2025-07-06,Web,7
EVT515794,CSTM1175,Meeting,2025-05-18,InPerson,7
EVT772339,CSTM1175,EmailOpen,2025-03-09,Web,9
EVT495459,CSTM1175,SupportTicket,2025-08-14,App,7
EVT166483,CSTM1175,Meeting,2025-06-27,Web,9
EVT369417,CSTM1175,Meeting,2025-01-20,Email,6
EVT208352,CSTM1175,EmailOpen,2025-01-10,App,6
EVT362063,CSTM1175,SiteVisit,2025-10-01,Web,6
EVT523380,CSTM1175,Call,2025-01-26,InPerson,2
EVT166697,CSTM1175,EmailClick,2025-09-21,Web,2
EVT572694,CSTM1176,EmailClick,2025-06-17,App,2
EVT104694,CSTM1176,Call,2025-03-03,App,8
EVT673374,CSTM1176,SiteVisit,2025-07-11,Phone,6
EVT919819,CSTM1176,EmailOpen,2025-05-21,Email,2
EVT626748,CSTM1176,SiteVisit,2025-07-28,Web,8
EVT536374,CSTM1176,EmailOpen,2025-09-25,Email,9
EVT440822,CSTM1176,Meeting,2025-05-21,App,2
EVT951246,CSTM1177,EmailClick,2025-07-12,App,9
EVT864932,CSTM1177,SupportTicket,2025-04-28,Web,5
EVT579871,CSTM1177,EmailOpen,2025-06-01,App,6
EVT282631,CSTM1177,SiteVisit,2025-06-01,Email,4
EVT390042,CSTM1178,SupportTicket,2025-02-26,InPerson,2
EVT147003,CSTM1178,EmailOpen,2025-04-30,Phone,7
EVT569655,CSTM1178,EmailOpen,2025-01-02,Email,6
EVT773400,CSTM1178,Meeting,2025-03-10,Phone,7
EVT987104,CSTM1178,Call,2025-04-22,InPerson,3
EVT427222,CSTM1178,SupportTicket,2025-05-16,Phone,1
EVT302668,CSTM1178,Purchase,2025-06-16,App,8
EVT755251,CSTM1178,EmailClick,2025-02-24,InPerson,5
EVT373302,CSTM1178,Call,2025-07-07,Phone,1
EVT465721,CSTM1178,SiteVisit,2025-06-20,App,2
EVT659865,CSTM1178,Call,2025-03-01,Phone,2
EVT244535,CSTM1178,Call,2025-01-21,Email,5
EVT747937,CSTM1178,SiteVisit,2025-05-05,Email,2
EVT781132,CSTM1179,EmailClick,2025-10-03,App,5
EVT384464,CSTM1179,EmailClick,2025-08-05,Phone,9
EVT169837,CSTM1179,SiteVisit,2025-10-02,InPerson,3
EVT711369,CSTM1179,SupportTicket,2025-04-03,Web,8
EVT212099,CSTM1179,EmailClick,2025-03-06,App,8
EVT678621,CSTM1179,EmailOpen,2025-01-28,App,4
EVT750660,CSTM1179,EmailClick,2025-01-03,Web,8
EVT630624,CSTM1179,EmailOpen,2025-01-03,Email,6
EVT599920,CSTM1179,Call,2025-06-03,Email,8
EVT440492,CSTM1179,EmailOpen,2025-04-25,App,1
EVT843470,CSTM1179,SiteVisit,2025-03-30,InPerson,9
EVT423831,CSTM1180,Meeting,2025-06-04,InPerson,3
EVT120448,CSTM1180,SiteVisit,2025-06-23,InPerson,8
EVT117101,CSTM1180,Purchase,2025-04-22,App,2
EVT893981,CSTM1180,Purchase,2025-03-08,Web,6
EVT516232,CSTM1180,Meeting,2025-01-10,Web,3
EVT445546,CSTM1180,EmailClick,2025-10-15,Web,3
EVT490069,CSTM1180,EmailOpen,2025-06-17,Phone,3
EVT635244,CSTM1181,EmailClick,2025-02-02,Web,3
EVT429738,CSTM1181,SupportTicket,2025-09-25,InPerson,9
EVT205474,CSTM1181,Meeting,2025-09-16,Web,8
EVT138311,CSTM1181,EmailOpen,2025-04-17,Web,5
EVT179599,CSTM1181,EmailOpen,2025-08-24,Web,6
EVT885339,CSTM1182,EmailOpen,2025-05-26,App,5
EVT262776,CSTM1182,SupportTicket,2025-01-14,InPerson,7
EVT959771,CSTM1182,EmailClick,2025-04-21,Web,4
EVT582898,CSTM1182,Purchase,2025-02-07,InPerson,7
EVT504494,CSTM1182,SiteVisit,2025-08-09,Phone,8
EVT911730,CSTM1182,EmailClick,2025-05-08,App,5
EVT686801,CSTM1182,EmailClick,2025-01-14,App,7
EVT936429,CSTM1182,Meeting,2025-01-16,Email,4
EVT840599,CSTM1182,EmailClick,2025-02-17,InPerson,6
EVT641028,CSTM1182,Meeting,2025-02-07,Email,9
EVT634940,CSTM1182,Call,2025-02-05,InPerson,8
EVT189342,CSTM1182,EmailClick,2025-02-11,App,2
EVT235669,CSTM1182,Purchase,2025-10-04,App,6
EVT395215,CSTM1183,EmailOpen,2025-03-08,Email,4
EVT550708,CSTM1183,SupportTicket,2025-06-08,App,2
EVT886960,CSTM1183,SiteVisit,2025-10-05,InPerson,5
EVT409642,CSTM1183,Call,2025-04-06,Phone,4
EVT522122,CSTM1183,SupportTicket,2025-06-30,Email,8
EVT616915,CSTM1183,EmailClick,2025-01-27,Phone,5
EVT974370,CSTM1183,EmailOpen,2025-03-23,Email,6
EVT218065,CSTM1184,EmailClick,2025-09-20,Email,9
EVT449060,CSTM1184,Meeting,2025-08-17,InPerson,5
EVT332321,CSTM1184,Call,2025-03-11,Web,4
EVT110204,CSTM1184,SupportTicket,2025-02-25,Email,8
EVT880975,CSTM1185,Purchase,2025-08-06,InPerson,1
EVT420692,CSTM1185,SiteVisit,2025-02-26,Web,8
EVT925177,CSTM1185,EmailOpen,2025-02-24,Phone,9
EVT334347,CSTM1185,EmailOpen,2025-07-06,Phone,1
EVT308920,CSTM1186,SiteVisit,2025-07-30,InPerson,3
EVT791085,CSTM1186,EmailClick,2025-03-07,Phone,7
EVT470729,CSTM1186,EmailOpen,2025-06-17,App,8
EVT796203,CSTM1186,Call,2025-10-09,Web,2
EVT650755,CSTM1186,EmailOpen,2025-08-25,Web,9
EVT984544,CSTM1186,Call,2025-06-16,InPerson,7
EVT154607,CSTM1186,EmailClick,2025-07-19,Phone,2
EVT692052,CSTM1186,Call,2025-08-01,Email,8
EVT321432,CSTM1186,Meeting,2025-08-02,Email,4
EVT753974,CSTM1186,EmailOpen,2025-03-29,Phone,3
EVT989602,CSTM1186,Call,2025-04-01,Email,1
EVT671284,CSTM1187,EmailOpen,2025-05-06,InPerson,9
EVT235024,CSTM1187,EmailOpen,2025-01-20,App,3
EVT100015,CSTM1187,EmailOpen,2025-09-15,App,7
EVT816087,CSTM1187,SiteVisit,2025-05-13,Email,9
EVT498036,CSTM1187,SupportTicket,2025-02-28,Phone,4
EVT538715,CSTM1187,EmailOpen,2025-07-29,Email,9
EVT655728,CSTM1187,EmailClick,2025-02-23,App,4
EVT281101,CSTM1188,SiteVisit,2025-04-22,InPerson,9
EVT934289,CSTM1188,EmailClick,2025-06-09,InPerson,9
EVT203591,CSTM1188,EmailClick,2025-09-21,Web,8
EVT750299,CSTM1188,Call,2025-09-10,App,1
EVT821393,CSTM1188,Call,2025-01-31,App,4
EVT957411,CSTM1188,SiteVisit,2025-05-12,Email,9
EVT131346,CSTM1188,Meeting,2025-01-30,App,7
EVT922805,CSTM1188,Meeting,2025-01-16,Email,7
EVT631562,CSTM1188,SupportTicket,2025-08-18,Web,1
EVT527345,CSTM1188,EmailOpen,2025-09-22,Web,8
EVT620140,CSTM1188,Meeting,2025-09-23,Email,7
EVT486868,CSTM1188,SiteVisit,2025-01-16,InPerson,8
EVT483556,CSTM1188,EmailOpen,2025-08-27,InPerson,5
EVT998342,CSTM1189,SiteVisit,2025-04-17,App,2
EVT975247,CSTM1189,Purchase,2025-02-23,Email,5
EVT229101,CSTM1190,Call,2025-01-07,Web,5
EVT312650,CSTM1190,SiteVisit,2025-10-14,Phone,1
EVT325226,CSTM1190,EmailClick,2025-07-28,App,2
EVT412809,CSTM1190,SiteVisit,2025-04-26,Web,6
EVT494969,CSTM1190,SiteVisit,2025-02-22,InPerson,2
EVT864705,CSTM1190,EmailOpen,2025-02-26,InPerson,3
EVT832079,CSTM1190,EmailOpen,2025-03-16,Web,9
EVT694140,CSTM1191,EmailOpen,2025-03-08,InPerson,2
EVT887646,CSTM1191,SiteVisit,2025-07-07,Phone,8
EVT944846,CSTM1191,Meeting,2025-01-19,Web,2
EVT830493,CSTM1191,Call,2025-10-13,App,1
EVT374025,CSTM1191,Call,2025-04-04,App,4
EVT742032,CSTM1191,Call,2025-01-08,App,1
EVT467808,CSTM1191,SupportTicket,2025-06-17,Phone,1
EVT611030,CSTM1191,EmailOpen,2025-01-11,InPerson,6
EVT642057,CSTM1191,Meeting,2025-05-30,Email,3
EVT226525,CSTM1191,EmailClick,2025-07-05,Web,9
EVT517740,CSTM1192,Purchase,2025-08-01,InPerson,8
EVT416405,CSTM1192,SiteVisit,2025-01-27,App,2
EVT320421,CSTM1192,Meeting,2025-06-17,Email,6
EVT144397,CSTM1192,Purchase,2025-08-25,App,8
EVT377132,CSTM1192,Purchase,2025-04-17,InPerson,7
EVT299548,CSTM1192,EmailClick,2025-10-07,App,9
EVT917715,CSTM1192,EmailClick,2025-02-20,Phone,8
EVT860151,CSTM1192,SiteVisit,2025-02-14,Web,1
EVT940765,CSTM1192,Purchase,2025-03-03,Email,8
EVT175028,CSTM1192,EmailClick,2025-02-08,Web,9
EVT548484,CSTM1192,SiteVisit,2025-01-13,Web,3
EVT676469,CSTM1192,EmailClick,2025-06-25,InPerson,8
EVT279300,CSTM1193,Call,2025-03-05,Phone,7
EVT221284,CSTM1193,Purchase,2025-03-08,App,3
EVT921154,CSTM1193,SiteVisit,2025-06-27,Email,8
EVT985697,CSTM1193,EmailOpen,2025-07-21,Phone,5
EVT560828,CSTM1194,Call,2025-02-04,App,5
EVT390144,CSTM1194,EmailOpen,2025-10-06,Phone,5
EVT910713,CSTM1194,SiteVisit,2025-10-07,App,7
EVT885428,CSTM1194,SiteVisit,2025-01-06,InPerson,3
EVT767351,CSTM1194,EmailClick,2025-08-21,Phone,1
EVT525426,CSTM1194,SiteVisit,2025-04-03,App,3
EVT844917,CSTM1194,SiteVisit,2025-10-09,Phone,7
EVT201982,CSTM1194,SiteVisit,2025-02-19,Email,4
EVT682523,CSTM1195,Call,2025-10-03,Phone,2
EVT920173,CSTM1195,EmailClick,2025-08-12,Email,8
EVT207042,CSTM1195,SiteVisit,2025-08-29,App,2
EVT654393,CSTM1195,Call,2025-08-01,InPerson,4
EVT944647,CSTM1195,EmailClick,2025-08-23,App,4
EVT173079,CSTM1195,SupportTicket,2025-02-21,App,6
EVT410509,CSTM1195,SiteVisit,2025-02-15,App,2
EVT299304,CSTM1195,Call,2025-03-27,Phone,2
EVT137170,CSTM1195,EmailClick,2025-01-06,InPerson,9
EVT424332,CSTM1195,SiteVisit,2025-01-14,Phone,5
EVT421220,CSTM1196,Purchase,2025-04-20,Email,6
EVT842459,CSTM1196,SiteVisit,2025-05-24,Web,3
EVT838027,CSTM1196,EmailClick,2025-03-04,App,6
EVT617649,CSTM1196,Meeting,2025-10-02,Web,5
EVT498722,CSTM1196,Call,2025-09-12,InPerson,9
EVT955742,CSTM1196,Call,2025-09-02,App,9
EVT563179,CSTM1196,EmailClick,2025-07-18,InPerson,2
EVT252185,CSTM1196,Meeting,2025-08-15,InPerson,6
EVT923250,CSTM1196,EmailClick,2025-07-23,Email,1
EVT320084,CSTM1197,Purchase,2025-09-06,Email,7
EVT643118,CSTM1197,SupportTicket,2025-02-10,Web,8
EVT225407,CSTM1197,Meeting,2025-07-02,InPerson,7
EVT773265,CSTM1197,SupportTicket,2025-03-13,Phone,9
EVT790807,CSTM1197,Meeting,2025-04-27,Phone,8
EVT888212,CSTM1197,SiteVisit,2025-04-13,InPerson,1
EVT626683,CSTM1197,EmailOpen,2025-04-19,Email,4
EVT500327,CSTM1197,SiteVisit,2025-01-27,Email,9
EVT355315,CSTM1197,SiteVisit,2025-05-17,Phone,9
EVT595187,CSTM1197,Call,2025-01-30,Email,9
EVT487554,CSTM1198,Purchase,2025-03-04,Email,8
EVT465169,CSTM1198,Call,2025-05-12,InPerson,9
EVT639618,CSTM1198,Meeting,2025-07-21,Phone,4
EVT232152,CSTM1198,EmailOpen,2025-02-12,Phone,8
EVT969914,CSTM1198,EmailClick,2025-08-12,App,7
EVT456043,CSTM1198,EmailOpen,2025-03-12,Phone,4
EVT994030,CSTM1199,Call,2025-08-16,Phone,5
EVT821167,CSTM1199,Purchase,2025-09-03,App,4
EVT797785,CSTM1199,SiteVisit,2025-01-18,Email,2
EVT748782,CSTM1199,SupportTicket,2025-02-25,Email,5
EVT797621,CSTM1199,EmailOpen,2025-04-16,App,1
EVT878559,CSTM1199,SupportTicket,2025-03-27,Web,4
EVT264340,CSTM1199,Call,2025-04-16,InPerson,1
EVT151048,CSTM1199,SiteVisit,2025-03-22,Web,9
EVT957158,CSTM1199,Purchase,2025-08-08,Phone,5
EVT624333,CSTM1199,SupportTicket,2025-05-20,App,2
EVT283148,CSTM1199,EmailOpen,2025-05-07,App,5
EVT565139,CSTM1200,Purchase,2025-09-19,Email,5
EVT664772,CSTM1200,EmailOpen,2025-05-22,App,8
EVT836091,CSTM1200,EmailClick,2025-04-17,Email,3
EVT745115,CSTM1200,EmailOpen,2025-10-15,Email,1
EVT579389,CSTM1200,SiteVisit,2025-07-13,Phone,6
EVT245109,CSTM1200,Purchase,2025-05-07,Web,4
EVT156879,CSTM1200,EmailClick,2025-03-04,App,8
EVT774075,CSTM1200,Meeting,2025-10-01,InPerson,9
EVT580795,CSTM1200,SupportTicket,2025-10-09,App,4
EVT977742,CSTM1200,SiteVisit,2025-01-09,InPerson,5
EVT210623,CSTM1201,SiteVisit,2025-07-04,Phone,9
EVT744691,CSTM1201,SiteVisit,2025-05-24,Email,6
EVT443288,CSTM1201,EmailOpen,2025-06-07,InPerson,1
EVT104090,CSTM1201,Purchase,2025-09-09,App,5
EVT978247,CSTM1201,SiteVisit,2025-04-23,Email,3
EVT935227,CSTM1201,Call,2025-01-16,Email,9
EVT737854,CSTM1201,EmailClick,2025-02-17,Email,1
EVT937329,CSTM1201,EmailOpen,2025-05-08,Phone,9
EVT124815,CSTM1201,Meeting,2025-02-14,Email,8
EVT981779,CSTM1201,EmailOpen,2025-10-07,InPerson,8
EVT238307,CSTM1201,EmailClick,2025-02-22,InPerson,2
EVT647933,CSTM1202,Call,2025-09-06,Phone,4
EVT567667,CSTM1202,EmailClick,2025-04-02,Phone,7
EVT940172,CSTM1202,Meeting,2025-07-30,Web,6
EVT895415,CSTM1203,SiteVisit,2025-03-07,InPerson,5
EVT963945,CSTM1203,Purchase,2025-04-24,Phone,7
EVT693572,CSTM1203,SupportTicket,2025-04-15,Phone,3
EVT525716,CSTM1203,SiteVisit,2025-06-11,Web,4
EVT332275,CSTM1203,Call,2025-10-07,Email,3
EVT223554,CSTM1203,EmailClick,2025-06-25,Email,3
EVT800457,CSTM1203,SiteVisit,2025-05-25,InPerson,1
EVT305719,CSTM1203,Meeting,2025-01-14,Email,5
EVT526855,CSTM1203,Call,2025-07-08,InPerson,2
EVT692879,CSTM1203,Call,2025-02-06,Web,3
EVT867469,CSTM1203,EmailOpen,2025-06-08,Email,3
EVT998607,CSTM1204,Meeting,2025-03-09,InPerson,1
EVT467390,CSTM1204,EmailOpen,2025-09-24,App,5
EVT965885,CSTM1204,Call,2025-04-20,Web,8
EVT634535,CSTM1204,Call,2025-08-19,Phone,9
EVT246123,CSTM1204,Call,2025-03-28,Email,1
EVT472332,CSTM1204,Purchase,2025-09-15,Phone,3
EVT780516,CSTM1204,EmailClick,2025-04-17,App,8
EVT366320,CSTM1204,EmailOpen,2025-07-08,Web,8
EVT735181,CSTM1204,EmailClick,2025-02-12,Web,7
EVT821202,CSTM1204,Purchase,2025-08-08,App,4
EVT971044,CSTM1204,SiteVisit,2025-06-28,InPerson,8
EVT439233,CSTM1204,EmailClick,2025-06-13,Phone,3
EVT742811,CSTM1204,EmailOpen,2025-05-26,Phone,8
EVT664396,CSTM1205,Call,2025-07-26,InPerson,4
EVT955010,CSTM1205,SupportTicket,2025-03-07,Web,5
EVT143021,CSTM1205,EmailClick,2025-01-06,Web,7
EVT186755,CSTM1205,Call,2025-08-19,Web,1
EVT334729,CSTM1205,EmailOpen,2025-09-15,InPerson,8
EVT457470,CSTM1205,EmailOpen,2025-09-28,Email,2
EVT915037,CSTM1205,EmailClick,2025-10-03,InPerson,9
EVT233997,CSTM1205,Purchase,2025-10-10,Phone,1
EVT840176,CSTM1205,SiteVisit,2025-02-18,Phone,8
EVT747861,CSTM1205,SiteVisit,2025-07-09,InPerson,7
EVT703810,CSTM1205,EmailClick,2025-04-15,Email,1
EVT908157,CSTM1205,Meeting,2025-05-27,Web,9
EVT883103,CSTM1206,Call,2025-08-29,App,8
EVT700577,CSTM1206,EmailClick,2025-01-27,Web,8
EVT543853,CSTM1206,EmailOpen,2025-07-13,Email,7
EVT814152,CSTM1207,SiteVisit,2025-07-03,Email,4
EVT477757,CSTM1207,SupportTicket,2025-09-17,Phone,6
EVT367446,CSTM1207,SupportTicket,2025-05-16,App,4
EVT142103,CSTM1208,SupportTicket,2025-06-27,InPerson,5
EVT896966,CSTM1208,EmailClick,2025-01-18,InPerson,8
EVT951995,CSTM1208,SiteVisit,2025-03-13,InPerson,6
EVT240688,CSTM1208,EmailOpen,2025-02-04,Web,4
EVT902386,CSTM1208,SiteVisit,2025-05-20,Web,8
EVT378606,CSTM1208,EmailClick,2025-06-26,Email,2
EVT213394,CSTM1208,EmailClick,2025-09-13,App,6
EVT122222,CSTM1208,SupportTicket,2025-04-04,Phone,7
EVT868103,CSTM1208,SiteVisit,2025-03-16,Phone,3
EVT139369,CSTM1208,SiteVisit,2025-02-08,InPerson,3
EVT917187,CSTM1208,EmailOpen,2025-02-16,Email,9
EVT228145,CSTM1208,EmailOpen,2025-01-13,Email,4
EVT347795,CSTM1208,EmailClick,2025-08-30,Web,4
EVT951098,CSTM1209,EmailClick,2025-03-26,Web,2
EVT655623,CSTM1209,EmailClick,2025-04-09,Phone,5
EVT549704,CSTM1209,Meeting,2025-09-01,App,5
EVT783429,CSTM1209,Call,2025-02-18,Phone,7
EVT965061,CSTM1209,SiteVisit,2025-06-06,InPerson,1
EVT874769,CSTM1209,EmailClick,2025-01-29,Phone,3
EVT291239,CSTM1210,EmailOpen,2025-06-22,App,2
EVT633754,CSTM1210,Call,2025-08-21,Email,4
EVT247748,CSTM1210,Call,2025-06-29,Web,3
EVT629148,CSTM1210,EmailClick,2025-03-24,Email,9
EVT960587,CSTM1210,EmailClick,2025-10-10,InPerson,4
EVT537509,CSTM1210,SiteVisit,2025-05-27,Email,4
EVT246444,CSTM1211,SupportTicket,2025-06-04,Phone,2
EVT603575,CSTM1211,EmailOpen,2025-03-26,Phone,2
EVT299041,CSTM1211,EmailClick,2025-01-09,Web,7
EVT387312,CSTM1211,Call,2025-08-23,Email,1
EVT484325,CSTM1211,EmailOpen,2025-05-19,InPerson,5
EVT289913,CSTM1211,EmailClick,2025-04-15,InPerson,3
EVT907784,CSTM1211,Purchase,2025-05-13,Phone,4
EVT578720,CSTM1211,SupportTicket,2025-08-22,Phone,7
EVT411251,CSTM1211,Call,2025-01-26,Email,9
EVT205494,CSTM1211,Purchase,2025-09-19,Web,6
EVT916460,CSTM1211,Call,2025-09-24,Phone,5
EVT445123,CSTM1212,SiteVisit,2025-09-04,InPerson,6
EVT818598,CSTM1212,Meeting,2025-04-12,Web,8
EVT582757,CSTM1212,EmailOpen,2025-10-13,App,9
EVT767481,CSTM1212,SiteVisit,2025-01-13,Phone,9
EVT855247,CSTM1213,EmailOpen,2025-08-01,Web,8
EVT126567,CSTM1213,EmailClick,2025-08-14,Email,7
EVT407248,CSTM1214,EmailClick,2025-02-23,Email,6
EVT103515,CSTM1214,EmailClick,2025-05-02,Phone,1
EVT748852,CSTM1214,EmailClick,2025-09-01,InPerson,8
EVT720417,CSTM1214,EmailOpen,2025-10-13,InPerson,9
EVT342821,CSTM1214,Meeting,2025-02-19,Phone,9
EVT739544,CSTM1214,Meeting,2025-04-04,Email,2
EVT336887,CSTM1214,EmailClick,2025-01-16,Phone,4
EVT189142,CSTM1214,EmailClick,2025-07-12,Email,9
EVT389604,CSTM1214,Meeting,2025-05-11,Phone,8
EVT118909,CSTM1214,Call,2025-09-20,Web,7
EVT906560,CSTM1214,EmailClick,2025-06-10,Phone,9
EVT280685,CSTM1214,EmailClick,2025-01-28,InPerson,5
EVT705950,CSTM1214,Purchase,2025-04-02,Email,3
EVT902914,CSTM1214,EmailOpen,2025-02-16,App,4
EVT120875,CSTM1215,EmailOpen,2025-04-25,Web,6
EVT670900,CSTM1215,EmailOpen,2025-08-21,App,5
EVT786779,CSTM1215,Call,2025-08-01,App,7
EVT171540,CSTM1215,Call,2025-07-20,InPerson,4
EVT708841,CSTM1215,EmailClick,2025-08-14,Email,8
EVT971415,CSTM1215,SiteVisit,2025-06-01,Email,6
EVT278872,CSTM1215,EmailOpen,2025-02-13,Web,1
EVT157941,CSTM1215,EmailOpen,2025-07-29,Email,7
EVT736364,CSTM1215,EmailClick,2025-01-20,InPerson,4
EVT890243,CSTM1215,SupportTicket,2025-10-07,Phone,7
EVT846403,CSTM1215,Call,2025-07-26,Web,7
EVT670569,CSTM1216,EmailClick,2025-08-16,Email,6
EVT628883,CSTM1216,Meeting,2025-08-09,Phone,4
EVT798083,CSTM1216,SupportTicket,2025-01-05,Email,2
EVT753197,CSTM1216,Meeting,2025-08-02,Web,7
EVT682570,CSTM1216,EmailOpen,2025-01-26,App,6
EVT962303,CSTM1216,EmailClick,2025-02-28,Web,7
EVT751176,CSTM1216,EmailOpen,2025-04-30,Phone,7
EVT861254,CSTM1217,Purchase,2025-04-19,Phone,2
EVT103052,CSTM1217,SiteVisit,2025-04-12,App,5
EVT762600,CSTM1217,EmailOpen,2025-05-22,Web,7
EVT805255,CSTM1217,SiteVisit,2025-04-21,Web,2
EVT185687,CSTM1218,Call,2025-06-24,Web,6
EVT447509,CSTM1218,EmailOpen,2025-03-22,Web,4
EVT306994,CSTM1218,Meeting,2025-09-06,App,7
EVT662781,CSTM1219,Call,2025-03-10,Phone,8
EVT532331,CSTM1219,Call,2025-06-19,Phone,2
EVT434192,CSTM1219,EmailClick,2025-02-20,App,3
EVT513146,CSTM1219,EmailOpen,2025-09-11,Phone,6
EVT756442,CSTM1219,Meeting,2025-10-06,InPerson,3
EVT466056,CSTM1219,EmailClick,2025-02-26,InPerson,9
EVT603528,CSTM1219,SupportTicket,2025-08-04,App,8
EVT740537,CSTM1219,EmailOpen,2025-10-08,App,9
EVT244608,CSTM1219,SiteVisit,2025-06-16,Email,6
EVT641465,CSTM1219,Purchase,2025-06-22,Web,6
EVT711530,CSTM1219,EmailOpen,2025-07-15,Phone,3
EVT984747,CSTM1219,Meeting,2025-07-09,App,6
EVT121797,CSTM1220,SupportTicket,2025-03-01,Phone,4
EVT860943,CSTM1220,Meeting,2025-10-12,App,1
EVT761944,CSTM1220,Call,2025-05-26,InPerson,6
EVT893802,CSTM1220,EmailOpen,2025-05-20,Email,4
EVT528416,CSTM1220,EmailClick,2025-07-20,App,7
EVT452594,CSTM1220,EmailOpen,2025-09-03,InPerson,3
EVT514170,CSTM1221,Meeting,2025-08-07,InPerson,7
EVT393805,CSTM1221,SupportTicket,2025-01-27,InPerson,2
EVT283719,CSTM1221,Purchase,2025-05-28,Phone,6
EVT250408,CSTM1221,SiteVisit,2025-02-10,App,6
EVT446655,CSTM1221,Call,2025-09-29,Web,6
EVT175911,CSTM1221,EmailClick,2025-04-08,Web,8
EVT912267,CSTM1221,EmailOpen,2025-08-08,InPerson,1
EVT512167,CSTM1221,SiteVisit,2025-03-12,Email,4
EVT514562,CSTM1222,SupportTicket,2025-02-07,InPerson,3
EVT593496,CSTM1222,SiteVisit,2025-07-05,App,6
EVT251837,CSTM1222,Call,2025-08-08,Phone,4
EVT629740,CSTM1222,EmailClick,2025-07-12,Phone,6
EVT925613,CSTM1222,SupportTicket,2025-02-16,App,3
EVT646852,CSTM1222,SiteVisit,2025-04-11,InPerson,9
EVT195259,CSTM1222,SupportTicket,2025-08-04,Phone,9
EVT732909,CSTM1222,EmailClick,2025-07-15,InPerson,7
EVT204959,CSTM1222,Meeting,2025-09-30,InPerson,2
EVT544846,CSTM1222,Meeting,2025-06-23,App,5
EVT159263,CSTM1222,SupportTicket,2025-09-15,Email,9
EVT439112,CSTM1222,Meeting,2025-07-01,Web,1
EVT924832,CSTM1222,SiteVisit,2025-08-09,Phone,6
EVT514248,CSTM1222,SiteVisit,2025-10-05,Email,2
EVT292122,CSTM1223,EmailClick,2025-06-16,Email,7
EVT273412,CSTM1223,Call,2025-09-09,InPerson,4
EVT104329,CSTM1223,EmailClick,2025-07-26,App,1
EVT201069,CSTM1223,SiteVisit,2025-09-02,App,9
EVT125801,CSTM1223,EmailClick,2025-03-12,Email,6
EVT564838,CSTM1223,Purchase,2025-01-23,Web,8
EVT578803,CSTM1223,EmailClick,2025-03-22,InPerson,3
EVT542667,CSTM1223,EmailOpen,2025-03-25,Email,9
EVT504364,CSTM1223,EmailClick,2025-02-28,Email,1
EVT552669,CSTM1223,EmailClick,2025-04-08,App,2
EVT692127,CSTM1223,Purchase,2025-08-04,InPerson,2
EVT226298,CSTM1223,EmailOpen,2025-07-13,App,5
EVT561531,CSTM1224,Meeting,2025-09-25,Email,4
EVT979793,CSTM1224,EmailOpen,2025-02-05,Email,7
EVT531172,CSTM1224,SupportTicket,2025-02-17,Phone,3
EVT192529,CSTM1224,Meeting,2025-08-18,Phone,8
EVT574381,CSTM1224,EmailClick,2025-03-19,InPerson,4
EVT309870,CSTM1224,EmailClick,2025-08-27,Phone,1
EVT197555,CSTM1224,SupportTicket,2025-04-16,Web,8
EVT251744,CSTM1224,EmailOpen,2025-02-09,InPerson,7
EVT584495,CSTM1224,SupportTicket,2025-05-17,InPerson,7
EVT223775,CSTM1225,Meeting,2025-09-26,InPerson,3
EVT556356,CSTM1225,SiteVisit,2025-01-17,Web,4
EVT219095,CSTM1225,SiteVisit,2025-09-21,Web,6
EVT600884,CSTM1225,EmailOpen,2025-06-18,Phone,4
EVT972911,CSTM1225,EmailOpen,2025-06-06,Phone,5
EVT522418,CSTM1225,EmailClick,2025-08-26,Email,8
EVT723540,CSTM1225,Purchase,2025-08-01,App,1
EVT183323,CSTM1225,Call,2025-05-27,Email,5
EVT974113,CSTM1225,Call,2025-06-03,Email,6
EVT635755,CSTM1225,SupportTicket,2025-10-14,App,4
EVT356094,CSTM1225,EmailClick,2025-02-15,App,3
EVT753002,CSTM1225,Meeting,2025-01-09,Phone,9
EVT371380,CSTM1226,SupportTicket,2025-02-28,App,9
EVT731359,CSTM1226,SupportTicket,2025-03-02,Web,1
EVT682761,CSTM1226,EmailClick,2025-09-02,InPerson,5
EVT178229,CSTM1226,SiteVisit,2025-04-23,Web,7
EVT912897,CSTM1226,EmailOpen,2025-09-04,Web,6
EVT437540,CSTM1227,EmailClick,2025-07-13,Email,3
EVT966069,CSTM1227,EmailClick,2025-06-12,Web,3
EVT576908,CSTM1227,Meeting,2025-08-11,InPerson,2
EVT279729,CSTM1227,SiteVisit,2025-01-04,InPerson,9
EVT902874,CSTM1228,EmailOpen,2025-01-25,App,3
EVT897822,CSTM1228,EmailOpen,2025-09-27,Web,5
EVT532525,CSTM1228,EmailOpen,2025-01-16,App,4
EVT104959,CSTM1228,SupportTicket,2025-05-09,Web,5
EVT485939,CSTM1228,EmailOpen,2025-08-10,Phone,2
EVT267198,CSTM1228,SiteVisit,2025-09-27,Email,5
EVT431012,CSTM1228,EmailClick,2025-08-20,Web,5
EVT419349,CSTM1228,EmailOpen,2025-04-23,Web,6
EVT667607,CSTM1228,EmailClick,2025-06-11,Email,8
EVT419177,CSTM1228,EmailOpen,2025-01-17,Email,2
EVT341207,CSTM1228,SiteVisit,2025-03-19,Phone,2
EVT622059,CSTM1229,Meeting,2025-05-15,App,5
EVT286988,CSTM1229,SiteVisit,2025-03-24,InPerson,3
EVT857730,CSTM1230,SiteVisit,2025-04-03,InPerson,8
EVT351442,CSTM1230,EmailOpen,2025-06-21,InPerson,1
EVT798508,CSTM1230,EmailOpen,2025-03-07,App,2
EVT504311,CSTM1231,Call,2025-09-03,Email,9
EVT606367,CSTM1231,EmailOpen,2025-08-29,Email,3
EVT118510,CSTM1231,Call,2025-08-04,InPerson,4
EVT597125,CSTM1231,EmailClick,2025-09-17,Email,7
EVT636932,CSTM1232,EmailOpen,2025-04-27,Web,8
EVT128669,CSTM1232,SupportTicket,2025-10-08,InPerson,2
EVT333670,CSTM1232,EmailOpen,2025-01-10,InPerson,2
EVT377533,CSTM1232,EmailClick,2025-06-07,InPerson,4
EVT204817,CSTM1232,SupportTicket,2025-06-26,Phone,1
EVT552834,CSTM1232,SupportTicket,2025-08-18,App,4
EVT471906,CSTM1232,EmailClick,2025-02-24,Web,7
EVT651764,CSTM1232,Call,2025-09-15,Phone,4
EVT103881,CSTM1232,EmailClick,2025-02-14,Email,7
EVT941345,CSTM1233,Call,2025-06-26,Phone,3
EVT567854,CSTM1233,Purchase,2025-05-02,InPerson,9
EVT255739,CSTM1233,EmailOpen,2025-07-31,Web,1
EVT115305,CSTM1234,SiteVisit,2025-07-16,Phone,4
EVT592049,CSTM1234,SiteVisit,2025-07-13,App,4
EVT670954,CSTM1234,SupportTicket,2025-05-07,Phone,2
EVT201046,CSTM1234,Meeting,2025-06-15,Email,6
EVT661143,CSTM1234,SupportTicket,2025-04-06,Web,4
EVT463284,CSTM1234,SupportTicket,2025-05-17,App,8
EVT895907,CSTM1234,EmailOpen,2025-07-03,Phone,9
EVT541157,CSTM1234,Call,2025-03-10,Web,8
EVT706990,CSTM1234,SiteVisit,2025-09-22,Email,7
EVT949735,CSTM1234,Purchase,2025-08-12,App,3
EVT407410,CSTM1234,Purchase,2025-05-14,Email,3
EVT894814,CSTM1234,EmailOpen,2025-05-07,Phone,7
EVT231458,CSTM1235,Purchase,2025-03-03,Web,4
EVT982517,CSTM1235,Purchase,2025-07-05,Phone,5
EVT506781,CSTM1235,Call,2025-09-04,Phone,7
EVT158334,CSTM1235,Call,2025-02-19,Email,3
EVT359201,CSTM1236,SupportTicket,2025-02-22,Email,1
EVT238886,CSTM1236,EmailOpen,2025-07-17,Email,7
EVT890124,CSTM1236,SiteVisit,2025-07-30,InPerson,6
EVT556021,CSTM1236,Call,2025-08-08,InPerson,4
EVT827002,CSTM1236,Purchase,2025-08-24,Phone,4
EVT186120,CSTM1236,SiteVisit,2025-07-08,Email,9
EVT894944,CSTM1237,Meeting,2025-06-14,Email,2
EVT445564,CSTM1237,SiteVisit,2025-06-22,App,2
EVT842880,CSTM1237,Purchase,2025-06-13,App,2
EVT511998,CSTM1237,EmailClick,2025-10-07,InPerson,6
EVT601525,CSTM1237,EmailOpen,2025-05-05,Phone,2
EVT419540,CSTM1237,EmailClick,2025-06-02,Phone,1
EVT953268,CSTM1237,Purchase,2025-10-15,Web,2
EVT579969,CSTM1237,EmailClick,2025-08-06,InPerson,2
EVT680294,CSTM1237,EmailOpen,2025-09-22,Web,3
EVT225613,CSTM1237,SiteVisit,2025-07-26,App,7
EVT889539,CSTM1237,SiteVisit,2025-09-03,Web,2
EVT936507,CSTM1237,Meeting,2025-01-19,Email,7
EVT670509,CSTM1237,EmailClick,2025-07-23,Web,3
EVT517799,CSTM1238,EmailOpen,2025-04-20,Web,4
EVT825903,CSTM1238,SupportTicket,2025-07-25,Email,6
EVT215266,CSTM1238,Call,2025-07-26,InPerson,2
EVT855640,CSTM1238,EmailOpen,2025-05-20,InPerson,9
EVT504964,CSTM1238,EmailOpen,2025-04-19,App,3
EVT936667,CSTM1238,EmailOpen,2025-01-21,Web,5
EVT428779,CSTM1238,SiteVisit,2025-03-14,Email,6
EVT106402,CSTM1238,Purchase,2025-02-25,InPerson,5
EVT639353,CSTM1238,SupportTicket,2025-09-15,Phone,7
EVT924283,CSTM1239,EmailClick,2025-05-31,App,7
EVT318216,CSTM1239,EmailClick,2025-02-03,Email,5
EVT658867,CSTM1239,Meeting,2025-09-29,Phone,3
EVT174180,CSTM1239,Purchase,2025-07-26,App,2
EVT520515,CSTM1239,EmailClick,2025-07-15,InPerson,3
EVT759045,CSTM1239,SiteVisit,2025-07-21,Email,5
EVT961646,CSTM1239,EmailOpen,2025-02-20,Email,8
EVT229526,CSTM1239,EmailClick,2025-07-02,Phone,4
EVT806165,CSTM1239,EmailClick,2025-09-24,Email,3
EVT187897,CSTM1239,Call,2025-09-03,Web,6
EVT949608,CSTM1239,Meeting,2025-02-24,InPerson,4
EVT941774,CSTM1240,SupportTicket,2025-07-17,Web,5
EVT449207,CSTM1240,Purchase,2025-06-27,InPerson,5
EVT779424,CSTM1240,Meeting,2025-10-13,App,6
EVT895063,CSTM1240,EmailClick,2025-04-01,InPerson,6
EVT543729,CSTM1240,Call,2025-10-03,App,7
EVT521648,CSTM1240,EmailOpen,2025-04-23,Phone,8
EVT768860,CSTM1241,SiteVisit,2025-09-30,Phone,7
EVT159547,CSTM1241,SiteVisit,2025-09-19,Phone,8
EVT971022,CSTM1241,SiteVisit,2025-04-12,Web,1
EVT941244,CSTM1241,Call,2025-08-19,Web,3
EVT518005,CSTM1242,SiteVisit,2025-09-24,Web,6
EVT355549,CSTM1242,SupportTicket,2025-03-08,InPerson,3
EVT575388,CSTM1242,EmailClick,2025-07-24,App,5
EVT380621,CSTM1242,SupportTicket,2025-07-09,Email,9
EVT392560,CSTM1242,Purchase,2025-09-02,App,1
EVT643647,CSTM1242,SupportTicket,2025-08-05,App,3
EVT137355,CSTM1243,EmailClick,2025-10-02,InPerson,7
EVT645946,CSTM1243,EmailClick,2025-02-13,App,6
EVT853702,CSTM1243,EmailOpen,2025-01-30,Phone,7
EVT546710,CSTM1243,SupportTicket,2025-09-04,App,7
EVT507522,CSTM1243,Meeting,2025-07-26,Phone,2
EVT197375,CSTM1243,EmailOpen,2025-10-03,Phone,7
EVT813934,CSTM1243,Call,2025-02-19,Web,6
EVT393076,CSTM1243,SiteVisit,2025-02-22,App,2
EVT654700,CSTM1243,EmailOpen,2025-05-31,Email,9
EVT261704,CSTM1244,SiteVisit,2025-05-15,Phone,4
EVT432643,CSTM1244,SiteVisit,2025-02-01,Phone,3
EVT773769,CSTM1245,Purchase,2025-03-30,InPerson,5
EVT126015,CSTM1245,Meeting,2025-03-28,App,8
EVT148231,CSTM1245,SupportTicket,2025-04-16,Web,1
EVT263674,CSTM1245,Purchase,2025-02-22,Phone,1
EVT304830,CSTM1245,EmailClick,2025-08-30,App,9
EVT162497,CSTM1246,Call,2025-04-08,Web,3
EVT144109,CSTM1246,EmailOpen,2025-01-17,Web,1
EVT484412,CSTM1246,Purchase,2025-04-22,Email,1
EVT719185,CSTM1246,SiteVisit,2025-06-05,Phone,2
EVT644527,CSTM1246,SiteVisit,2025-06-04,InPerson,6
EVT249515,CSTM1246,SupportTicket,2025-01-16,Web,1
EVT185186,CSTM1246,SiteVisit,2025-10-10,Email,5
EVT885088,CSTM1246,EmailOpen,2025-06-14,InPerson,3
EVT931943,CSTM1246,EmailOpen,2025-04-01,Web,7
EVT873085,CSTM1246,EmailOpen,2025-04-21,Phone,2
EVT231458,CSTM1247,EmailClick,2025-08-23,Email,1
EVT714640,CSTM1247,Purchase,2025-04-27,Phone,6
EVT290091,CSTM1247,EmailClick,2025-06-03,Web,4
EVT664267,CSTM1247,SiteVisit,2025-03-23,Web,1
EVT755954,CSTM1247,Meeting,2025-10-01,Email,8
EVT742531,CSTM1248,SiteVisit,2025-08-16,Phone,3
EVT600204,CSTM1248,Call,2025-04-05,InPerson,7
EVT817654,CSTM1248,EmailClick,2025-05-11,App,8
EVT501702,CSTM1248,SiteVisit,2025-05-01,Phone,9
EVT642618,CSTM1248,SupportTicket,2025-07-17,App,5
EVT321437,CSTM1248,SupportTicket,2025-08-19,Email,4
EVT106589,CSTM1248,Meeting,2025-01-10,Email,1
EVT983479,CSTM1248,Call,2025-04-19,Email,3
EVT700322,CSTM1248,Meeting,2025-09-25,Phone,1
EVT354259,CSTM1248,Call,2025-02-28,App,7
EVT588288,CSTM1248,Call,2025-06-17,Web,4
EVT122205,CSTM1248,EmailOpen,2025-08-17,InPerson,9
EVT303729,CSTM1248,Purchase,2025-08-03,Email,6
EVT586106,CSTM1248,EmailOpen,2025-02-06,App,2
EVT151408,CSTM1249,SiteVisit,2025-03-08,Web,7
EVT172439,CSTM1249,EmailOpen,2025-03-30,App,2
EVT981481,CSTM1249,Call,2025-10-12,Email,5
EVT617351,CSTM1249,Call,2025-09-01,InPerson,2
EVT956798,CSTM1249,EmailOpen,2025-03-18,InPerson,9
EVT903464,CSTM1249,EmailClick,2025-02-01,Email,5
EVT889125,CSTM1249,SupportTicket,2025-01-10,Phone,4
EVT207772,CSTM1249,SupportTicket,2025-08-08,InPerson,4
