OpportunityId,CustomerId,CreatedDate,Stage,CloseDate,Amount,Source,Owner
OPP000001,CSTM1000,2025-08-20,Closed Won,2025-09-28,30000.0,Outbound,Team B
OPP000002,CSTM1000,2025-10-05,Closed Won,2025-10-15,7500.0,Referral,Team B
OPP000003,CSTM1000,2025-09-27,Closed Won,2025-10-15,15000.0,Inbound,Team B
OPP000004,CSTM1003,2025-10-15,Negotiation,2025-10-15,15000.0,Inbound,Team A
OPP000005,CSTM1004,2025-06-30,Closed Lost,2025-07-18,5000.0,Inbound,Team C
OPP000006,CSTM1005,2025-03-12,Qualification,2025-03-19,30000.0,Referral,Team A
OPP000007,CSTM1006,2025-10-15,Proposal,2025-10-15,20000.0,Inbound,Team B
OPP000008,CSTM1009,2025-04-27,Closed Lost,2025-06-02,15000.0,Partner,Team A
OPP000009,CSTM1009,2025-03-11,Closed Won,2025-04-13,30000.0,Partner,Team A
OPP000010,CSTM1009,2025-04-30,Qualification,2025-06-16,30000.0,Outbound,Team A
OPP000011,CSTM1010,2025-07-15,Proposal,2025-07-24,10000.0,Referral,Team C
OPP000012,CSTM1012,2025-05-04,Qualification,2025-05-23,7500.0,Inbound,Team A
OPP000013,CSTM1013,2025-10-15,Qualification,2025-10-15,10000.0,Outbound,Team B
OPP000014,CSTM1014,2025-06-06,Negotiation,2025-06-14,15000.0,Referral,Team C
OPP000015,CSTM1015,2025-08-15,Proposal,2025-10-10,15000.0,Partner,Team A
OPP000016,CSTM1016,2025-09-14,Qualification,2025-10-15,7500.0,Referral,Team A
OPP000017,CSTM1017,2025-10-15,Proposal,2025-10-15,10000.0,Referral,Team B
OPP000018,CSTM1018,2025-07-08,Qualification,2025-07-14,20000.0,Outbound,Team C
OPP000019,CSTM1018,2025-07-13,Qualification,2025-08-01,20000.0,Inbound,Team C
OPP000020,CSTM1019,2025-10-15,Proposal,2025-10-15,20000.0,Outbound,Team C
OPP000021,CSTM1019,2025-10-15,Closed Lost,2025-10-15,20000.0,Inbound,Team C
OPP000022,CSTM1020,2025-07-30,Qualification,2025-08-14,5000.0,Referral,Team A
OPP000023,CSTM1020,2025-07-15,Proposal,2025-09-10,15000.0,Outbound,Team A
OPP000024,CSTM1020,2025-08-31,Proposal,2025-09-22,7500.0,Partner,Team A
OPP000025,CSTM1021,2025-05-11,Closed Won,2025-06-26,15000.0,Inbound,Team A
OPP000026,CSTM1021,2025-03-21,Qualification,2025-04-11,20000.0,Partner,Team A
OPP000027,CSTM1022,2025-06-19,Proposal,2025-07-22,7500.0,Inbound,Team B
OPP000028,CSTM1023,2025-10-15,Closed Won,2025-10-15,15000.0,Referral,Team B
OPP000029,CSTM1023,2025-10-15,Proposal,2025-10-15,7500.0,Partner,Team B
OPP000030,CSTM1024,2025-02-11,Negotiation,2025-04-01,15000.0,Referral,Team C
OPP000031,CSTM1026,2025-05-02,Qualification,2025-05-14,20000.0,Inbound,Team A
OPP000032,CSTM1026,2025-05-02,Closed Won,2025-06-26,10000.0,Partner,Team A
OPP000033,CSTM1026,2025-05-14,Closed Lost,2025-06-08,5000.0,Partner,Team A
OPP000034,CSTM1027,2025-10-09,Proposal,2025-10-15,15000.0,Referral,Team C
OPP000035,CSTM1028,2025-02-16,Qualification,2025-02-25,10000.0,Inbound,Team B
OPP000036,CSTM1029,2025-10-15,Qualification,2025-10-15,7500.0,Partner,Team B
OPP000037,CSTM1030,2025-08-24,Closed Lost,2025-09-12,5000.0,Outbound,Team A
OPP000038,CSTM1030,2025-07-27,Proposal,2025-08-04,5000.0,Outbound,Team A
OPP000039,CSTM1030,2025-09-03,Closed Lost,2025-10-15,5000.0,Outbound,Team A
OPP000040,CSTM1031,2025-06-01,Qualification,2025-07-02,20000.0,Partner,Team B
OPP000041,CSTM1031,2025-05-24,Negotiation,2025-06-29,30000.0,Referral,Team B
OPP000042,CSTM1032,2025-05-03,Qualification,2025-05-17,15000.0,Referral,Team B
OPP000043,CSTM1034,2025-10-14,Proposal,2025-10-15,5000.0,Partner,Team B
OPP000044,CSTM1035,2025-06-13,Proposal,2025-07-07,30000.0,Inbound,Team A
OPP000045,CSTM1036,2025-07-22,Qualification,2025-08-16,30000.0,Referral,Team A
OPP000046,CSTM1037,2025-10-06,Proposal,2025-10-15,5000.0,Outbound,Team C
OPP000047,CSTM1038,2025-03-24,Closed Won,2025-05-07,30000.0,Outbound,Team B
OPP000048,CSTM1039,2025-10-15,Proposal,2025-10-15,10000.0,Referral,Team C
OPP000049,CSTM1039,2025-10-05,Negotiation,2025-10-15,30000.0,Outbound,Team C
OPP000050,CSTM1041,2025-07-20,Closed Lost,2025-08-08,10000.0,Referral,Team A
OPP000051,CSTM1043,2025-07-20,Closed Won,2025-08-26,10000.0,Partner,Team A
OPP000052,CSTM1044,2025-10-14,Qualification,2025-10-15,10000.0,Referral,Team A
OPP000053,CSTM1045,2025-10-15,Qualification,2025-10-15,20000.0,Outbound,Team A
OPP000054,CSTM1047,2025-04-15,Closed Lost,2025-05-29,10000.0,Referral,Team B
OPP000055,CSTM1048,2025-10-15,Proposal,2025-10-15,7500.0,Inbound,Team C
OPP000056,CSTM1049,2025-06-04,Qualification,2025-07-19,10000.0,Partner,Team A
OPP000057,CSTM1049,2025-03-06,Negotiation,2025-04-01,5000.0,Outbound,Team A
OPP000058,CSTM1050,2025-04-23,Closed Won,2025-05-11,15000.0,Inbound,Team B
OPP000059,CSTM1050,2025-04-03,Proposal,2025-04-18,20000.0,Partner,Team B
OPP000060,CSTM1052,2025-03-01,Closed Lost,2025-03-09,10000.0,Referral,Team C
OPP000061,CSTM1053,2025-05-02,Closed Won,2025-06-10,7500.0,Outbound,Team A
OPP000062,CSTM1054,2025-10-07,Closed Won,2025-10-15,30000.0,Outbound,Team C
OPP000063,CSTM1055,2025-09-22,Closed Won,2025-10-15,15000.0,Inbound,Team A
OPP000064,CSTM1056,2025-02-19,Negotiation,2025-03-19,20000.0,Inbound,Team B
OPP000065,CSTM1057,2025-07-17,Negotiation,2025-08-14,15000.0,Outbound,Team B
OPP000066,CSTM1058,2025-10-14,Closed Won,2025-10-15,15000.0,Referral,Team B
OPP000067,CSTM1061,2025-07-06,Closed Won,2025-08-10,7500.0,Partner,Team A
OPP000068,CSTM1062,2025-07-13,Qualification,2025-09-10,20000.0,Inbound,Team A
OPP000069,CSTM1063,2025-06-11,Qualification,2025-07-13,15000.0,Referral,Team C
OPP000070,CSTM1064,2025-06-25,Proposal,2025-08-01,15000.0,Inbound,Team A
OPP000071,CSTM1064,2025-07-08,Negotiation,2025-08-28,15000.0,Referral,Team A
OPP000072,CSTM1065,2025-10-15,Closed Won,2025-10-15,30000.0,Inbound,Team B
OPP000073,CSTM1066,2025-06-09,Negotiation,2025-06-23,5000.0,Outbound,Team A
OPP000074,CSTM1066,2025-04-04,Closed Won,2025-05-08,20000.0,Outbound,Team A
OPP000075,CSTM1066,2025-07-28,Closed Won,2025-09-15,20000.0,Referral,Team A
OPP000076,CSTM1067,2025-04-09,Proposal,2025-06-03,10000.0,Inbound,Team B
OPP000077,CSTM1067,2025-05-30,Negotiation,2025-06-24,20000.0,Outbound,Team B
OPP000078,CSTM1067,2025-05-01,Closed Won,2025-05-31,20000.0,Partner,Team B
OPP000079,CSTM1069,2025-05-31,Closed Won,2025-07-10,5000.0,Outbound,Team A
OPP000080,CSTM1069,2025-06-06,Proposal,2025-07-24,30000.0,Partner,Team A
OPP000081,CSTM1069,2025-06-22,Closed Won,2025-08-01,15000.0,Inbound,Team A
OPP000082,CSTM1072,2025-08-08,Proposal,2025-08-26,10000.0,Partner,Team B
OPP000083,CSTM1073,2025-03-14,Proposal,2025-04-12,30000.0,Inbound,Team C
OPP000084,CSTM1073,2025-05-07,Qualification,2025-06-16,15000.0,Partner,Team C
OPP000085,CSTM1073,2025-06-13,Negotiation,2025-07-30,15000.0,Inbound,Team C
OPP000086,CSTM1074,2025-06-20,Closed Won,2025-06-30,5000.0,Referral,Team A
OPP000087,CSTM1075,2025-02-01,Closed Lost,2025-02-20,10000.0,Partner,Team B
OPP000088,CSTM1076,2025-10-07,Proposal,2025-10-15,7500.0,Inbound,Team C
OPP000089,CSTM1076,2025-10-02,Closed Lost,2025-10-11,7500.0,Referral,Team C
OPP000090,CSTM1076,2025-10-15,Qualification,2025-10-15,7500.0,Referral,Team C
OPP000091,CSTM1077,2025-06-29,Proposal,2025-08-13,15000.0,Inbound,Team C
OPP000092,CSTM1079,2025-08-11,Closed Won,2025-10-09,5000.0,Inbound,Team A
OPP000093,CSTM1080,2025-04-18,Closed Won,2025-06-04,20000.0,Inbound,Team A
OPP000094,CSTM1081,2025-05-17,Negotiation,2025-07-06,5000.0,Outbound,Team B
OPP000095,CSTM1081,2025-07-05,Proposal,2025-07-14,5000.0,Outbound,Team B
OPP000096,CSTM1082,2025-10-15,Qualification,2025-10-15,7500.0,Partner,Team A
OPP000097,CSTM1083,2025-10-15,Proposal,2025-10-15,30000.0,Partner,Team C
OPP000098,CSTM1085,2025-10-15,Closed Won,2025-10-15,10000.0,Referral,Team A
OPP000099,CSTM1086,2025-04-04,Closed Won,2025-04-30,15000.0,Referral,Team A
OPP000100,CSTM1086,2025-07-07,Closed Won,2025-09-01,20000.0,Partner,Team A
OPP000101,CSTM1087,2025-10-15,Closed Won,2025-10-15,7500.0,Referral,Team C
OPP000102,CSTM1088,2025-10-15,Proposal,2025-10-15,30000.0,Inbound,Team B
OPP000103,CSTM1089,2025-06-23,Proposal,2025-07-20,30000.0,Inbound,Team A
OPP000104,CSTM1090,2025-07-15,Proposal,2025-07-30,10000.0,Partner,Team A
OPP000105,CSTM1093,2025-08-13,Proposal,2025-08-25,15000.0,Referral,Team B
OPP000106,CSTM1094,2025-10-15,Negotiation,2025-10-15,30000.0,Partner,Team C
OPP000107,CSTM1095,2025-08-19,Proposal,2025-08-26,7500.0,Inbound,Team A
OPP000108,CSTM1096,2025-07-01,Closed Lost,2025-08-07,10000.0,Partner,Team C
OPP000109,CSTM1096,2025-03-10,Closed Won,2025-05-01,20000.0,Referral,Team C
OPP000110,CSTM1096,2025-06-18,Closed Won,2025-08-07,15000.0,Outbound,Team C
OPP000111,CSTM1097,2025-02-24,Closed Won,2025-04-24,15000.0,Partner,Team A
OPP000112,CSTM1097,2025-02-16,Closed Lost,2025-03-13,20000.0,Outbound,Team A
OPP000113,CSTM1098,2025-04-07,Closed Won,2025-05-12,15000.0,Referral,Team A
OPP000114,CSTM1101,2025-10-15,Closed Won,2025-10-15,15000.0,Outbound,Team B
OPP000115,CSTM1103,2025-06-09,Closed Won,2025-08-04,15000.0,Outbound,Team A
OPP000116,CSTM1103,2025-05-29,Closed Won,2025-07-16,30000.0,Inbound,Team A
OPP000117,CSTM1104,2025-10-15,Negotiation,2025-10-15,15000.0,Partner,Team A
OPP000118,CSTM1105,2025-08-12,Proposal,2025-09-11,15000.0,Partner,Team B
OPP000119,CSTM1106,2025-05-22,Qualification,2025-06-16,7500.0,Referral,Team A
OPP000120,CSTM1106,2025-03-15,Proposal,2025-05-05,7500.0,Outbound,Team A
OPP000121,CSTM1107,2025-10-15,Closed Won,2025-10-15,30000.0,Referral,Team B
OPP000122,CSTM1107,2025-10-15,Negotiation,2025-10-15,10000.0,Inbound,Team B
OPP000123,CSTM1108,2025-03-16,Closed Won,2025-04-17,10000.0,Referral,Team A
OPP000124,CSTM1110,2025-04-10,Closed Won,2025-05-09,10000.0,Referral,Team A
OPP000125,CSTM1110,2025-05-17,Qualification,2025-07-13,20000.0,Inbound,Team A
OPP000126,CSTM1111,2025-07-12,Closed Won,2025-08-24,15000.0,Inbound,Team A
OPP000127,CSTM1112,2025-10-15,Closed Won,2025-10-15,7500.0,Referral,Team B
OPP000128,CSTM1112,2025-10-15,Qualification,2025-10-15,10000.0,Outbound,Team B
OPP000129,CSTM1113,2025-10-15,Proposal,2025-10-15,30000.0,Referral,Team A
OPP000130,CSTM1115,2025-04-30,Closed Lost,2025-05-27,30000.0,Outbound,Team B
OPP000131,CSTM1116,2025-10-15,Closed Lost,2025-10-15,30000.0,Referral,Team C
OPP000132,CSTM1116,2025-10-15,Qualification,2025-10-15,15000.0,Outbound,Team C
OPP000133,CSTM1117,2025-05-02,Proposal,2025-06-22,5000.0,Partner,Team C
OPP000134,CSTM1117,2025-01-17,Qualification,2025-02-26,30000.0,Partner,Team C
OPP000135,CSTM1118,2025-01-24,Negotiation,2025-02-22,5000.0,Outbound,Team B
OPP000136,CSTM1119,2025-10-15,Proposal,2025-10-15,5000.0,Inbound,Team B
OPP000137,CSTM1121,2025-09-22,Closed Won,2025-10-15,7500.0,Outbound,Team B
OPP000138,CSTM1121,2025-10-15,Closed Won,2025-10-15,20000.0,Outbound,Team B
OPP000139,CSTM1121,2025-09-26,Proposal,2025-10-15,10000.0,Outbound,Team B
OPP000140,CSTM1122,2025-06-29,Proposal,2025-08-09,20000.0,Referral,Team B
OPP000141,CSTM1123,2025-09-25,Negotiation,2025-10-08,20000.0,Partner,Team C
OPP000142,CSTM1124,2025-10-02,Qualification,2025-10-15,5000.0,Referral,Team C
OPP000143,CSTM1124,2025-08-05,Closed Lost,2025-09-24,15000.0,Referral,Team C
OPP000144,CSTM1126,2025-03-25,Qualification,2025-04-19,20000.0,Referral,Team A
OPP000145,CSTM1127,2025-07-26,Proposal,2025-08-06,10000.0,Partner,Team B
OPP000146,CSTM1129,2025-10-15,Closed Won,2025-10-15,10000.0,Partner,Team B
OPP000147,CSTM1130,2025-04-29,Negotiation,2025-05-26,5000.0,Outbound,Team B
OPP000148,CSTM1132,2025-02-28,Negotiation,2025-03-30,20000.0,Referral,Team A
OPP000149,CSTM1134,2025-10-15,Proposal,2025-10-15,5000.0,Referral,Team C
OPP000150,CSTM1136,2025-07-22,Proposal,2025-08-08,15000.0,Inbound,Team C
OPP000151,CSTM1139,2025-03-18,Qualification,2025-04-17,15000.0,Referral,Team A
OPP000152,CSTM1140,2025-09-20,Proposal,2025-10-15,30000.0,Outbound,Team B
OPP000153,CSTM1140,2025-10-15,Closed Won,2025-10-15,5000.0,Inbound,Team B
OPP000154,CSTM1141,2025-04-20,Closed Won,2025-06-18,10000.0,Inbound,Team B
OPP000155,CSTM1141,2025-05-08,Closed Won,2025-06-27,20000.0,Referral,Team B
OPP000156,CSTM1142,2025-10-15,Proposal,2025-10-15,20000.0,Referral,Team C
OPP000157,CSTM1143,2025-06-13,Closed Won,2025-06-29,20000.0,Inbound,Team C
OPP000158,CSTM1144,2025-05-14,Closed Lost,2025-05-23,7500.0,Partner,Team C
OPP000159,CSTM1145,2025-06-09,Proposal,2025-07-06,30000.0,Inbound,Team B
OPP000160,CSTM1145,2025-06-10,Closed Won,2025-06-16,15000.0,Partner,Team B
OPP000161,CSTM1146,2025-05-20,Qualification,2025-07-10,7500.0,Partner,Team B
OPP000162,CSTM1147,2025-10-15,Proposal,2025-10-15,5000.0,Referral,Team B
OPP000163,CSTM1148,2025-04-25,Closed Won,2025-05-01,20000.0,Referral,Team B
OPP000164,CSTM1148,2025-07-07,Qualification,2025-07-29,20000.0,Referral,Team B
OPP000165,CSTM1149,2025-04-23,Qualification,2025-05-03,15000.0,Referral,Team B
OPP000166,CSTM1149,2025-07-10,Negotiation,2025-07-17,7500.0,Partner,Team B
OPP000167,CSTM1149,2025-06-17,Qualification,2025-07-03,7500.0,Referral,Team B
OPP000168,CSTM1150,2025-09-28,Proposal,2025-10-15,20000.0,Inbound,Team B
OPP000169,CSTM1151,2025-10-15,Closed Won,2025-10-15,5000.0,Partner,Team B
OPP000170,CSTM1151,2025-10-15,Closed Won,2025-10-15,30000.0,Referral,Team B
OPP000171,CSTM1153,2025-09-22,Negotiation,2025-10-15,7500.0,Outbound,Team C
OPP000172,CSTM1154,2025-09-15,Negotiation,2025-10-15,15000.0,Referral,Team C
OPP000173,CSTM1156,2025-07-27,Proposal,2025-09-23,7500.0,Partner,Team B
OPP000174,CSTM1156,2025-07-28,Qualification,2025-09-07,7500.0,Referral,Team B
OPP000175,CSTM1158,2025-04-10,Proposal,2025-04-24,15000.0,Partner,Team B
OPP000176,CSTM1158,2025-02-22,Qualification,2025-04-14,15000.0,Referral,Team B
OPP000177,CSTM1159,2025-04-16,Qualification,2025-04-25,5000.0,Partner,Team A
OPP000178,CSTM1159,2025-05-09,Negotiation,2025-06-20,15000.0,Inbound,Team A
OPP000179,CSTM1162,2025-08-07,Negotiation,2025-09-25,10000.0,Partner,Team C
OPP000180,CSTM1162,2025-08-03,Proposal,2025-09-19,10000.0,Partner,Team C
OPP000181,CSTM1162,2025-10-07,Proposal,2025-10-15,7500.0,Referral,Team C
OPP000182,CSTM1164,2025-03-19,Closed Won,2025-04-29,20000.0,Outbound,Team C
OPP000183,CSTM1165,2025-10-15,Negotiation,2025-10-15,30000.0,Inbound,Team A
OPP000184,CSTM1167,2025-05-08,Proposal,2025-06-29,5000.0,Outbound,Team A
OPP000185,CSTM1168,2025-10-15,Negotiation,2025-10-15,5000.0,Inbound,Team B
OPP000186,CSTM1169,2025-10-15,Proposal,2025-10-15,10000.0,Partner,Team A
OPP000187,CSTM1169,2025-10-15,Qualification,2025-10-15,10000.0,Outbound,Team A
OPP000188,CSTM1170,2025-10-15,Closed Won,2025-10-15,15000.0,Referral,Team B
OPP000189,CSTM1172,2025-06-09,Negotiation,2025-06-24,20000.0,Partner,Team A
OPP000190,CSTM1173,2025-04-10,Closed Won,2025-05-24,10000.0,Outbound,Team B
OPP000191,CSTM1174,2025-08-23,Closed Won,2025-09-04,20000.0,Partner,Team B
OPP000192,CSTM1175,2025-10-14,Closed Lost,2025-10-15,15000.0,Inbound,Team A
OPP000193,CSTM1175,2025-10-11,Proposal,2025-10-15,10000.0,Partner,Team A
OPP000194,CSTM1177,2025-10-06,Qualification,2025-10-15,15000.0,Inbound,Team A
OPP000195,CSTM1177,2025-08-10,Closed Lost,2025-08-31,7500.0,Referral,Team A
OPP000196,CSTM1178,2025-05-27,Negotiation,2025-07-02,15000.0,Outbound,Team B
OPP000197,CSTM1179,2025-10-15,Negotiation,2025-10-15,30000.0,Referral,Team C
OPP000198,CSTM1180,2025-05-30,Proposal,2025-06-20,5000.0,Referral,Team C
OPP000199,CSTM1181,2025-10-15,Proposal,2025-10-15,7500.0,Referral,Team C
OPP000200,CSTM1181,2025-10-15,Closed Won,2025-10-15,15000.0,Partner,Team C
OPP000201,CSTM1182,2025-10-15,Qualification,2025-10-15,15000.0,Inbound,Team C
OPP000202,CSTM1182,2025-10-15,Proposal,2025-10-15,10000.0,Referral,Team C
OPP000203,CSTM1182,2025-10-15,Closed Lost,2025-10-15,20000.0,Referral,Team C
OPP000204,CSTM1184,2025-10-15,Closed Won,2025-10-15,30000.0,Outbound,Team A
OPP000205,CSTM1186,2025-08-11,Closed Won,2025-09-08,15000.0,Referral,Team C
OPP000206,CSTM1187,2025-05-05,Qualification,2025-05-28,30000.0,Outbound,Team C
OPP000207,CSTM1188,2025-07-30,Qualification,2025-08-04,30000.0,Partner,Team C
OPP000208,CSTM1189,2025-01-25,Qualification,2025-02-06,20000.0,Inbound,Team B
OPP000209,CSTM1189,2025-03-25,Closed Won,2025-05-04,5000.0,Referral,Team B
OPP000210,CSTM1190,2025-06-05,Closed Won,2025-06-23,5000.0,Partner,Team A
OPP000211,CSTM1191,2025-09-02,Proposal,2025-09-14,30000.0,Referral,Team C
OPP000212,CSTM1192,2025-08-08,Closed Won,2025-09-26,20000.0,Inbound,Team C
OPP000213,CSTM1194,2025-04-14,Negotiation,2025-05-30,5000.0,Partner,Team A
OPP000214,CSTM1194,2025-02-23,Qualification,2025-03-01,30000.0,Outbound,Team A
OPP000215,CSTM1195,2025-08-07,Closed Won,2025-08-14,15000.0,Partner,Team B
OPP000216,CSTM1196,2025-10-15,Proposal,2025-10-15,30000.0,Inbound,Team A
OPP000217,CSTM1197,2025-03-21,Negotiation,2025-04-24,5000.0,Inbound,Team B
OPP000218,CSTM1199,2025-08-29,Closed Won,2025-10-03,5000.0,Inbound,Team C
OPP000219,CSTM1200,2025-06-02,Negotiation,2025-07-12,30000.0,Partner,Team A
OPP000220,CSTM1200,2025-06-24,Negotiation,2025-08-17,15000.0,Outbound,Team A
OPP000221,CSTM1201,2025-08-30,Proposal,2025-09-18,15000.0,Outbound,Team A
OPP000222,CSTM1202,2025-06-15,Closed Lost,2025-06-27,20000.0,Outbound,Team B
OPP000223,CSTM1203,2025-09-02,Closed Won,2025-10-10,30000.0,Referral,Team B
OPP000224,CSTM1205,2025-10-15,Qualification,2025-10-15,5000.0,Outbound,Team B
OPP000225,CSTM1205,2025-09-09,Closed Won,2025-10-06,30000.0,Partner,Team B
OPP000226,CSTM1206,2025-07-05,Proposal,2025-08-07,30000.0,Partner,Team A
OPP000227,CSTM1206,2025-06-05,Proposal,2025-06-28,5000.0,Inbound,Team A
OPP000228,CSTM1207,2025-10-09,Closed Won,2025-10-15,15000.0,Referral,Team B
OPP000229,CSTM1207,2025-09-08,Closed Lost,2025-10-15,10000.0,Partner,Team B
OPP000230,CSTM1208,2025-04-22,Closed Won,2025-05-22,5000.0,Inbound,Team A
OPP000231,CSTM1208,2025-04-18,Negotiation,2025-06-16,15000.0,Outbound,Team A
OPP000232,CSTM1208,2025-05-02,Closed Won,2025-05-19,20000.0,Inbound,Team A
OPP000233,CSTM1209,2025-04-26,Closed Lost,2025-06-16,10000.0,Inbound,Team A
OPP000234,CSTM1209,2025-04-12,Qualification,2025-05-05,5000.0,Referral,Team A
OPP000235,CSTM1209,2025-01-20,Qualification,2025-03-02,20000.0,Outbound,Team A
OPP000236,CSTM1210,2025-04-11,Negotiation,2025-06-02,5000.0,Outbound,Team A
OPP000237,CSTM1210,2025-05-31,Proposal,2025-06-11,10000.0,Inbound,Team A
OPP000238,CSTM1210,2025-03-27,Negotiation,2025-05-06,7500.0,Referral,Team A
OPP000239,CSTM1211,2025-09-18,Closed Won,2025-10-15,5000.0,Partner,Team B
OPP000240,CSTM1211,2025-10-15,Closed Won,2025-10-15,5000.0,Inbound,Team B
OPP000241,CSTM1213,2025-01-14,Closed Won,2025-02-15,15000.0,Outbound,Team B
OPP000242,CSTM1214,2025-07-13,Closed Won,2025-09-09,15000.0,Inbound,Team A
OPP000243,CSTM1215,2025-09-04,Closed Won,2025-10-15,10000.0,Outbound,Team B
OPP000244,CSTM1215,2025-07-13,Negotiation,2025-09-02,7500.0,Inbound,Team B
OPP000245,CSTM1216,2025-06-29,Closed Lost,2025-07-05,20000.0,Outbound,Team B
OPP000246,CSTM1217,2025-07-02,Qualification,2025-07-09,7500.0,Referral,Team A
OPP000247,CSTM1217,2025-09-28,Closed Lost,2025-10-15,5000.0,Partner,Team A
OPP000248,CSTM1218,2025-10-15,Qualification,2025-10-15,15000.0,Outbound,Team C
OPP000249,CSTM1218,2025-10-15,Negotiation,2025-10-15,15000.0,Referral,Team C
OPP000250,CSTM1219,2025-08-01,Closed Won,2025-09-28,7500.0,Inbound,Team A
OPP000251,CSTM1221,2025-04-19,Qualification,2025-04-30,7500.0,Partner,Team A
OPP000252,CSTM1222,2025-02-22,Closed Won,2025-03-05,5000.0,Partner,Team C
OPP000253,CSTM1223,2025-06-25,Closed Won,2025-07-12,10000.0,Referral,Team A
OPP000254,CSTM1224,2025-07-05,Negotiation,2025-07-17,5000.0,Inbound,Team B
OPP000255,CSTM1224,2025-08-10,Proposal,2025-09-28,5000.0,Outbound,Team B
OPP000256,CSTM1226,2025-09-02,Closed Lost,2025-10-10,5000.0,Partner,Team B
OPP000257,CSTM1226,2025-10-15,Negotiation,2025-10-15,15000.0,Partner,Team B
OPP000258,CSTM1227,2025-05-20,Negotiation,2025-06-13,20000.0,Outbound,Team C
OPP000259,CSTM1227,2025-07-25,Closed Won,2025-08-15,15000.0,Referral,Team C
OPP000260,CSTM1227,2025-08-09,Negotiation,2025-09-08,15000.0,Inbound,Team C
OPP000261,CSTM1228,2025-04-24,Qualification,2025-06-20,10000.0,Partner,Team C
OPP000262,CSTM1228,2025-06-22,Proposal,2025-07-24,15000.0,Referral,Team C
OPP000263,CSTM1229,2025-10-15,Proposal,2025-10-15,15000.0,Partner,Team A
OPP000264,CSTM1230,2025-10-15,Closed Won,2025-10-15,5000.0,Inbound,Team A
OPP000265,CSTM1231,2025-09-22,Proposal,2025-10-15,15000.0,Inbound,Team B
OPP000266,CSTM1231,2025-08-19,Negotiation,2025-09-07,30000.0,Partner,Team B
OPP000267,CSTM1231,2025-08-30,Closed Won,2025-09-08,7500.0,Outbound,Team B
OPP000268,CSTM1232,2025-09-09,Negotiation,2025-09-23,30000.0,Outbound,Team A
OPP000269,CSTM1233,2025-07-03,Qualification,2025-08-05,10000.0,Partner,Team A
OPP000270,CSTM1234,2025-10-15,Closed Won,2025-10-15,15000.0,Referral,Team C
OPP000271,CSTM1235,2025-01-29,Closed Won,2025-03-15,15000.0,Partner,Team A
OPP000272,CSTM1235,2025-03-27,Negotiation,2025-04-26,10000.0,Outbound,Team A
OPP000273,CSTM1236,2025-02-18,Proposal,2025-03-13,20000.0,Referral,Team C
OPP000274,CSTM1238,2025-07-17,Qualification,2025-09-10,30000.0,Inbound,Team C
OPP000275,CSTM1239,2025-08-26,Closed Lost,2025-10-15,5000.0,Partner,Team B
OPP000276,CSTM1239,2025-07-25,Closed Won,2025-08-11,7500.0,Outbound,Team B
OPP000277,CSTM1239,2025-05-28,Closed Won,2025-07-18,30000.0,Outbound,Team B
OPP000278,CSTM1240,2025-10-07,Qualification,2025-10-15,5000.0,Outbound,Team B
OPP000279,CSTM1241,2025-10-15,Qualification,2025-10-15,15000.0,Partner,Team B
OPP000280,CSTM1241,2025-10-15,Closed Lost,2025-10-15,15000.0,Referral,Team B
OPP000281,CSTM1242,2025-08-01,Proposal,2025-08-07,7500.0,Referral,Team C
OPP000282,CSTM1243,2025-05-28,Proposal,2025-06-30,30000.0,Referral,Team B
OPP000283,CSTM1243,2025-06-14,Qualification,2025-07-24,20000.0,Inbound,Team B
OPP000284,CSTM1245,2025-02-03,Negotiation,2025-03-04,10000.0,Inbound,Team A
OPP000285,CSTM1245,2025-03-12,Negotiation,2025-04-05,5000.0,Inbound,Team A
OPP000286,CSTM1245,2025-04-04,Qualification,2025-05-17,10000.0,Referral,Team A
OPP000287,CSTM1246,2025-07-25,Closed Lost,2025-08-27,7500.0,Partner,Team B
OPP000288,CSTM1247,2025-09-29,Closed Won,2025-10-04,15000.0,Outbound,Team B
OPP000289,CSTM1248,2025-05-16,Qualification,2025-05-31,15000.0,Inbound,Team C
OPP000290,CSTM1248,2025-08-09,Qualification,2025-08-30,20000.0,Outbound,Team C
OPP000291,CSTM1249,2025-08-30,Closed Lost,2025-09-08,5000.0,Partner,Team C
OPP000292,CSTM1249,2025-05-24,Proposal,2025-06-09,10000.0,Outbound,Team C
